Protocollo;Gruppo;DataOraIncidente;Localizzazione1;STRADA1;Localizzazione2;STRADA2;Strada02;Chilometrica;DaSpecificare;NaturaIncidente;particolaritastrade;TipoStrada;FondoStradale;Pavimentazione;Segnaletica;CondizioneAtmosferica;Traffico;Visibilita;Illuminazione;NUM_FERITI;NUM_RISERVATA;NUM_MORTI;NUM_ILLESI;Longitudine;Latitudine;Confermato;Progressivo;TipoVeicolo;StatoVeicolo;TipoPersona;Sesso;Tipolesione;Deceduto;DecedutoDopo;CinturaCascoUtilizzato;Airbag;
5179048;1;02/12/2020 11:00:00;Strada Urbana;LUNGOTEVERE DE' CENCI;all'intersezione con;VIA BEATRICE CENCI;VIA BEATRICE CENCI;;;Scontro laterale fra veicoli in marcia;Incrocio;Una carreggiata a senso unico di marcia;Bagnato (pioggia);Asfaltata;Verticale ed orizzontale;Nuvoloso;Normale;Buona;;0;0;0;2;12.4755;41.8919;-1;2;Autovettura privata;In marcia / fermata / arresto;Conducente;F;Illeso;0;;Non accertato;Inesploso
5179058;7;01/12/2020 20:00:00;Strada Urbana;VIA COLLATINA;all'intersezione con;VIA CLAUDIO TRUFFI;VIA CLAUDIO TRUFFI;;;Scontro laterale fra veicoli in marcia;Incrocio;Una carreggiata a doppio senso;Bagnato (pioggia);Asfaltata;Verticale ed orizzontale;Pioggia in atto;Normale;Sufficiente;;0;0;0;4;12.5719;41.9025;-1;1;Autovettura privata;In marcia / fermata / arresto;Conducente;F;Illeso;0;;Non accertato;Inesploso
5179058;7;01/12/2020 20:00:00;Strada Urbana;VIA COLLATINA;all'intersezione con;VIA CLAUDIO TRUFFI;VIA CLAUDIO TRUFFI;;;Scontro laterale fra veicoli in marcia;Incrocio;Una carreggiata a doppio senso;Bagnato (pioggia);Asfaltata;Verticale ed orizzontale;Pioggia in atto;Normale;Sufficiente;;0;0;0;4;12.5719;41.9025;-1;2;Autovettura privata;In marcia / fermata / arresto;Conducente;F;Illeso;0;;Non accertato;Inesploso
5179058;7;01/12/2020 20:00:00;Strada Urbana;VIA COLLATINA;all'intersezione con;VIA CLAUDIO TRUFFI;VIA CLAUDIO TRUFFI;;;Scontro laterale fra veicoli in marcia;Incrocio;Una carreggiata a doppio senso;Bagnato (pioggia);Asfaltata;Verticale ed orizzontale;Pioggia in atto;Normale;Sufficiente;;0;0;0;4;12.5719;41.9025;-1;2;Autovettura privata;In marcia / fermata / arresto;Passeggero;F;Illeso;0;;Non accertato;Inesploso
5179058;7;01/12/2020 20:00:00;Strada Urbana;VIA COLLATINA;all'intersezione con;VIA CLAUDIO TRUFFI;VIA CLAUDIO TRUFFI;;;Scontro laterale fra veicoli in marcia;Incrocio;Una carreggiata a doppio senso;Bagnato (pioggia);Asfaltata;Verticale ed orizzontale;Pioggia in atto;Normale;Sufficiente;;0;0;0;4;12.5719;41.9025;-1;3;Autovettura privata;In marcia / fermata / arresto;Conducente;M;Illeso;0;;Non accertato;Inesploso
5179087;5;02/12/2020 09:25:00;Strada Urbana;VIA DI GROTTA DI GREGNA;all'intersezione con;VIA DEL FLAUTO;VIA DEL FLAUTO;;;Scontro frontale/laterale SX fra veicoli in marcia;Incrocio;Una carreggiata a doppio senso;Asciutto;Asfaltata;Verticale ed orizzontale;Nuvoloso;Normale;Buona;;1;1;0;2;12.5658;41.9057;-1;1;Motociclo a solo;In marcia / fermata / arresto;Conducente;M;Prognosi riservata;0;NON DECEDUTO;Non accertato;
5179087;5;02/12/2020 09:25:00;Strada Urbana;VIA DI GROTTA DI GREGNA;all'intersezione con;VIA DEL FLAUTO;VIA DEL FLAUTO;;;Scontro frontale/laterale SX fra veicoli in marcia;Incrocio;Una carreggiata a doppio senso;Asciutto;Asfaltata;Verticale ed orizzontale;Nuvoloso;Normale;Buona;;1;1;0;2;12.5658;41.9057;-1;2;Autovettura privata;In marcia / fermata / arresto;Conducente;M;Rimandato;0;NON DECEDUTO;Non accertato;
5179087;5;02/12/2020 09:25:00;Strada Urbana;VIA DI GROTTA DI GREGNA;all'intersezione con;VIA DEL FLAUTO;VIA DEL FLAUTO;;;Scontro frontale/laterale SX fra veicoli in marcia;Incrocio;Una carreggiata a doppio senso;Asciutto;Asfaltata;Verticale ed orizzontale;Nuvoloso;Normale;Buona;;1;1;0;2;12.5658;41.9057;-1;2;Autovettura privata;In marcia / fermata / arresto;Passeggero;M;Illeso;0;;Non accertato;
5179087;5;02/12/2020 09:25:00;Strada Urbana;VIA DI GROTTA DI GREGNA;all'intersezione con;VIA DEL FLAUTO;VIA DEL FLAUTO;;;Scontro frontale/laterale SX fra veicoli in marcia;Incrocio;Una carreggiata a doppio senso;Asciutto;Asfaltata;Verticale ed orizzontale;Nuvoloso;Normale;Buona;;1;1;0;2;12.5658;41.9057;-1;2;Autovettura privata;In marcia / fermata / arresto;Passeggero;M;Illeso;0;;Non accertato;
5179101;18;02/12/2020 10:35:00;Strada Urbana;VIA MATTIA BATTISTINI;in prossimit�;;del civico n.;66;;Scontro laterale fra veicoli in marcia;Rettilineo;Una carreggiata a senso unico alternato;Bagnato (pioggia);Asfaltata;Verticale ed orizzontale;Pioggia in atto;Normale;Buona;;0;0;0;3;12.4144;41.9062;-1;1;Autovettura privata;In marcia / fermata / arresto;Conducente;M;Illeso;0;;;
5179101;18;02/12/2020 10:35:00;Strada Urbana;VIA MATTIA BATTISTINI;in prossimit�;;del civico n.;66;;Scontro laterale fra veicoli in marcia;Rettilineo;Una carreggiata a senso unico alternato;Bagnato (pioggia);Asfaltata;Verticale ed orizzontale;Pioggia in atto;Normale;Buona;;0;0;0;3;12.4144;41.9062;-1;1;Autovettura privata;In marcia / fermata / arresto;Passeggero;F;Illeso;0;;;
5179101;18;02/12/2020 10:35:00;Strada Urbana;VIA MATTIA BATTISTINI;in prossimit�;;del civico n.;66;;Scontro laterale fra veicoli in marcia;Rettilineo;Una carreggiata a senso unico alternato;Bagnato (pioggia);Asfaltata;Verticale ed orizzontale;Pioggia in atto;Normale;Buona;;0;0;0;3;12.4144;41.9062;-1;2;Motociclo a solo;In marcia / fermata / arresto;Conducente;M;Illeso;0;;;
5179149;6;02/12/2020 07:50:00;Strada Urbana;VIA CASILINA;all'intersezione semaforizzata con;VIALE DELLA PRIMAVERA;VIALE DELLA PRIMAVERA;;;Veicolo in marcia contro ostacolo accidentale;Intersezione semaforizzata;Una carreggiata a doppio senso;Bagnato (pioggia);Asfaltata;Verticale ed orizzontale;Pioggia in atto;Normale;Buona;;0;0;0;1;12.5575;41.8756;-1;1;Motociclo a solo;In marcia / fermata / arresto;Conducente;M;Illeso;0;;;
5179152;9;02/12/2020 10:55:00;Strada Urbana;VIA ROCCA DI PAPA;all'intersezione con;LARGO FALVATERRA;LARGO FALVATERRA;;;Scontro laterale fra veicoli in marcia;Incrocio;Una carreggiata a doppio senso;Bagnato (pioggia);Asfaltata;Verticale ed orizzontale;Pioggia in atto;Normale;Buona;;0;0;0;2;12.5341;41.8685;-1;1;Autovettura pubblica;In marcia / fermata / arresto;Conducente;M;Illeso;0;;Non accertato;Inesploso
5179152;9;02/12/2020 10:55:00;Strada Urbana;VIA ROCCA DI PAPA;all'intersezione con;LARGO FALVATERRA;LARGO FALVATERRA;;;Scontro laterale fra veicoli in marcia;Incrocio;Una carreggiata a doppio senso;Bagnato (pioggia);Asfaltata;Verticale ed orizzontale;Pioggia in atto;Normale;Buona;;0;0;0;2;12.5341;41.8685;-1;2;Autovettura privata;In marcia / fermata / arresto;Conducente;M;Illeso;0;;Non accertato;Inesploso
5179163;19;02/12/2020 05:45:00;Strada Urbana;VIA DI TRAGLIATELLA;all'intersezione con;VIA DEL CASALE SANTARELLI;VIA DEL CASALE SANTARELLI;;;Scontro frontale/laterale SX fra veicoli in marcia;Incrocio;Una carreggiata a doppio senso;Bagnato (umidit� in atto);Asfaltata;Verticale ed orizzontale;Nuvoloso;Scarso;Sufficiente;;0;0;0;3;12.2407;42.0176;-1;1;Autovettura privata;In marcia / fermata / arresto;Conducente;M;Illeso;0;;Non accertato;Esploso
5179163;19;02/12/2020 05:45:00;Strada Urbana;VIA DI TRAGLIATELLA;all'intersezione con;VIA DEL CASALE SANTARELLI;VIA DEL CASALE SANTARELLI;;;Scontro frontale/laterale SX fra veicoli in marcia;Incrocio;Una carreggiata a doppio senso;Bagnato (umidit� in atto);Asfaltata;Verticale ed orizzontale;Nuvoloso;Scarso;Sufficiente;;0;0;0;3;12.2407;42.0176;-1;1;Autovettura privata;In marcia / fermata / arresto;Passeggero;F;Illeso;0;;Non accertato;Esploso
5179163;19;02/12/2020 05:45:00;Strada Urbana;VIA DI TRAGLIATELLA;all'intersezione con;VIA DEL CASALE SANTARELLI;VIA DEL CASALE SANTARELLI;;;Scontro frontale/laterale SX fra veicoli in marcia;Incrocio;Una carreggiata a doppio senso;Bagnato (umidit� in atto);Asfaltata;Verticale ed orizzontale;Nuvoloso;Scarso;Sufficiente;;0;0;0;3;12.2407;42.0176;-1;2;Autovettura privata;In marcia / fermata / arresto;Conducente;M;Illeso;0;;Non accertato;Inesploso
5179211;12;02/12/2020 07:55:00;Strada Urbana;VIA DEL FOSSO DEL TORRINO;in prossimit�;;del civico n.;7;;Scontro frontale/laterale DX fra veicoli in marcia;Rettilineo;Una carreggiata a doppio senso;Bagnato (pioggia);Asfaltata;Verticale ed orizzontale;Nuvoloso;Normale;Buona;;0;0;0;2;12.4333;41.8166;-1;1;Autovettura privata;In marcia / fermata / arresto;Conducente;M;Illeso;0;;Utilizzato;Inesploso
5179211;12;02/12/2020 07:55:00;Strada Urbana;VIA DEL FOSSO DEL TORRINO;in prossimit�;;del civico n.;7;;Scontro frontale/laterale DX fra veicoli in marcia;Rettilineo;Una carreggiata a doppio senso;Bagnato (pioggia);Asfaltata;Verticale ed orizzontale;Nuvoloso;Normale;Buona;;0;0;0;2;12.4333;41.8166;-1;2;Autocarro inferiore 35 q.;In marcia / fermata / arresto;Conducente;M;Illeso;0;;Utilizzato;Inesploso
5179267;12;02/12/2020 11:50:00;Strada Urbana;VIALE DELL'OCEANO PACIFICO;da specificare;;;;civico n.9 direzione P.le XXV Marzo 1957;Scontro frontale/laterale DX fra veicoli in marcia;Rettilineo;Una carreggiata a doppio senso;Bagnato (pioggia);Asfaltata;Verticale ed orizzontale;Nuvoloso;Normale;Buona;;0;0;0;3;12.4619;41.8188;-1;1;Autovettura privata;In marcia / fermata / arresto;Conducente;M;Illeso;0;;Non accertato;Inesploso
5179267;12;02/12/2020 11:50:00;Strada Urbana;VIALE DELL'OCEANO PACIFICO;da specificare;;;;civico n.9 direzione P.le XXV Marzo 1957;Scontro frontale/laterale DX fra veicoli in marcia;Rettilineo;Una carreggiata a doppio senso;Bagnato (pioggia);Asfaltata;Verticale ed orizzontale;Nuvoloso;Normale;Buona;;0;0;0;3;12.4619;41.8188;-1;1;Autovettura privata;In marcia / fermata / arresto;Passeggero;M;Illeso;0;;Non accertato;Inesploso
5179267;12;02/12/2020 11:50:00;Strada Urbana;VIALE DELL'OCEANO PACIFICO;da specificare;;;;civico n.9 direzione P.le XXV Marzo 1957;Scontro frontale/laterale DX fra veicoli in marcia;Rettilineo;Una carreggiata a doppio senso;Bagnato (pioggia);Asfaltata;Verticale ed orizzontale;Nuvoloso;Normale;Buona;;0;0;0;3;12.4619;41.8188;-1;2;Autovettura privata;In marcia / fermata / arresto;Conducente;F;Illeso;0;;Non accertato;Inesploso
5179295;9;02/12/2020 15:05:00;Strada Urbana;VIA MARRUVIO;all'intersezione con;VIA OLBIA;VIA OLBIA;;;Investimento di pedone;Incrocio;Una carreggiata a senso unico di marcia;Bagnato (pioggia);Asfaltata;Orizzontale;Pioggia in atto;Scarso;Buona;;1;0;0;1;12.506;41.8823;-1;;;;Pedone;M;Rimandato;0;NON DECEDUTO;;
5179295;9;02/12/2020 15:05:00;Strada Urbana;VIA MARRUVIO;all'intersezione con;VIA OLBIA;VIA OLBIA;;;Investimento di pedone;Incrocio;Una carreggiata a senso unico di marcia;Bagnato (pioggia);Asfaltata;Orizzontale;Pioggia in atto;Scarso;Buona;;1;0;0;1;12.506;41.8823;-1;1;Autovettura privata;In marcia / fermata / arresto;Conducente;M;Illeso;0;;Non accertato;Inesploso
5179367;16;02/12/2020 08:30:00;Strada Urbana;VIA GIUSEPPE CELANI;da specificare;;;;in prossimit� del fronte civico 29;Veicolo in marcia contro ostacolo accidentale;Curva a visuale libera;Una carreggiata a senso unico di marcia;Bagnato (pioggia);Asfaltata;Assente;Nuvoloso;Normale;Buona;;0;0;0;1;12.4527;41.8764;-1;1;Motociclo a solo;In marcia / fermata / arresto;Conducente;M;Illeso;0;;Non accertato;
5179368;1;02/12/2020 13:45:00;Strada Urbana;PIAZZA DELL'ARA COELI;in prossimit�;;del palo luce n.;7;;Investimento di pedone;Rettilineo;Una carreggiata a senso unico di marcia;Bagnato (pioggia);Acciotolata;Orizzontale;Pioggia in atto;Normale;Buona;;1;0;0;1;;;0;;;;Pedone;M;Rimandato;0;NON DECEDUTO;;
5179368;1;02/12/2020 13:45:00;Strada Urbana;PIAZZA DELL'ARA COELI;in prossimit�;;del palo luce n.;7;;Investimento di pedone;Rettilineo;Una carreggiata a senso unico di marcia;Bagnato (pioggia);Acciotolata;Orizzontale;Pioggia in atto;Normale;Buona;;1;0;0;1;;;0;1;Motociclo a solo;In marcia / fermata / arresto;Conducente;M;Illeso;0;;;
5179386;16;02/12/2020 10:25:00;Strada Urbana;VIA SILVESTRI;da specificare;;;;tronco laterale via Silvestri civico 20;Tamponamento;Rettilineo;Una carreggiata a doppio senso;Bagnato (umidit� in atto);Asfaltata;Orizzontale;Nuvoloso;Normale;Sufficiente;;0;0;0;2;12.4324;41.8778;-1;1;Motociclo a solo;In marcia / fermata / arresto;Conducente;M;Illeso;0;;Non accertato;
5179386;16;02/12/2020 10:25:00;Strada Urbana;VIA SILVESTRI;da specificare;;;;tronco laterale via Silvestri civico 20;Tamponamento;Rettilineo;Una carreggiata a doppio senso;Bagnato (umidit� in atto);Asfaltata;Orizzontale;Nuvoloso;Normale;Sufficiente;;0;0;0;2;12.4324;41.8778;-1;2;Autovettura privata;In marcia / fermata / arresto;Conducente;M;Illeso;0;;Non accertato;Inesploso
5179578;2;02/12/2020 16:55:00;Strada Urbana;VIA DOMENICO CHELINI;in corrispondenza;;del civico n.;13;;Tamponamento;Rettilineo;Una carreggiata a doppio senso;Bagnato (pioggia);Asfaltata;Verticale ed orizzontale;Pioggia in atto;Normale;Sufficiente;;0;0;0;2;12.4824;41.9261;-1;1;Quadriciclo;In marcia / fermata / arresto;Conducente;F;Illeso;0;;;
5179578;2;02/12/2020 16:55:00;Strada Urbana;VIA DOMENICO CHELINI;in corrispondenza;;del civico n.;13;;Tamponamento;Rettilineo;Una carreggiata a doppio senso;Bagnato (pioggia);Asfaltata;Verticale ed orizzontale;Pioggia in atto;Normale;Sufficiente;;0;0;0;2;12.4824;41.9261;-1;1;Quadriciclo;In marcia / fermata / arresto;Passeggero;F;Illeso;0;;;
5179578;2;02/12/2020 16:55:00;Strada Urbana;VIA DOMENICO CHELINI;in corrispondenza;;del civico n.;13;;Tamponamento;Rettilineo;Una carreggiata a doppio senso;Bagnato (pioggia);Asfaltata;Verticale ed orizzontale;Pioggia in atto;Normale;Sufficiente;;0;0;0;2;12.4824;41.9261;-1;2;Autovettura privata;Sosta;;;;;;;
5179578;2;02/12/2020 16:55:00;Strada Urbana;VIA DOMENICO CHELINI;in corrispondenza;;del civico n.;13;;Tamponamento;Rettilineo;Una carreggiata a doppio senso;Bagnato (pioggia);Asfaltata;Verticale ed orizzontale;Pioggia in atto;Normale;Sufficiente;;0;0;0;2;12.4824;41.9261;-1;3;Autovettura privata;In marcia / fermata / arresto;;;;;;;
5179586;13;02/12/2020 15:30:00;Strada Urbana;VIA DEI TRAGHETTI;all'intersezione con;VIA DEI VELIERI;VIA DEI VELIERI;;;Scontro frontale/laterale DX fra veicoli in marcia;Incrocio;Due carreggiate;Bagnato (pioggia);Asfaltata;Verticale ed orizzontale;Pioggia in atto;Normale;Buona;;0;0;0;2;;;0;1;Autovettura privata;In marcia / fermata / arresto;Conducente;M;Illeso;0;;Non accertato;Inesploso
5179586;13;02/12/2020 15:30:00;Strada Urbana;VIA DEI TRAGHETTI;all'intersezione con;VIA DEI VELIERI;VIA DEI VELIERI;;;Scontro frontale/laterale DX fra veicoli in marcia;Incrocio;Due carreggiate;Bagnato (pioggia);Asfaltata;Verticale ed orizzontale;Pioggia in atto;Normale;Buona;;0;0;0;2;;;0;2;Autovettura privata;In marcia / fermata / arresto;Conducente;M;Illeso;0;;Non accertato;Esploso
5179586;13;02/12/2020 15:30:00;Strada Urbana;VIA DEI TRAGHETTI;all'intersezione con;VIA DEI VELIERI;VIA DEI VELIERI;;;Scontro frontale/laterale DX fra veicoli in marcia;Incrocio;Due carreggiate;Bagnato (pioggia);Asfaltata;Verticale ed orizzontale;Pioggia in atto;Normale;Buona;;0;0;0;2;;;0;3;Autovettura privata;Sosta;;;;;;;
5179586;13;02/12/2020 15:30:00;Strada Urbana;VIA DEI TRAGHETTI;all'intersezione con;VIA DEI VELIERI;VIA DEI VELIERI;;;Scontro frontale/laterale DX fra veicoli in marcia;Incrocio;Due carreggiate;Bagnato (pioggia);Asfaltata;Verticale ed orizzontale;Pioggia in atto;Normale;Buona;;0;0;0;2;;;0;4;Autovettura privata;Sosta;;;;;;;
5179631;9;02/12/2020 18:05:00;Strada Urbana;VIA AOSTA;in prossimit�;;del civico n.;26;;Investimento di pedone;Rettilineo;Una carreggiata a doppio senso;Bagnato (pioggia);Asfaltata;Orizzontale;Pioggia in atto;Intenso;Buona;;1;0;0;1;12.5148;41.883;-1;;;;Pedone;F;Rimandato;0;NON DECEDUTO;;
5179631;9;02/12/2020 18:05:00;Strada Urbana;VIA AOSTA;in prossimit�;;del civico n.;26;;Investimento di pedone;Rettilineo;Una carreggiata a doppio senso;Bagnato (pioggia);Asfaltata;Orizzontale;Pioggia in atto;Intenso;Buona;;1;0;0;1;12.5148;41.883;-1;1;Motociclo a solo;In marcia / fermata / arresto;Conducente;M;Illeso;0;;Non accertato;
5179789;12;02/12/2020 19:04:00;Strada Urbana;VIA LAURENTINA;da specificare;;;;rotatoria Tor Pagnotta;Scontro laterale fra veicoli in marcia;Rotatoria;Una carreggiata a senso unico di marcia;Bagnato (pioggia);Asfaltata;Verticale ed orizzontale;Nuvoloso;Normale;Sufficiente;;0;0;0;2;12.4823;41.8035;-1;1;Autovettura privata;In marcia / fermata / arresto;Conducente;F;Illeso;0;;Non accertato;Inesploso
5179789;12;02/12/2020 19:04:00;Strada Urbana;VIA LAURENTINA;da specificare;;;;rotatoria Tor Pagnotta;Scontro laterale fra veicoli in marcia;Rotatoria;Una carreggiata a senso unico di marcia;Bagnato (pioggia);Asfaltata;Verticale ed orizzontale;Nuvoloso;Normale;Sufficiente;;0;0;0;2;12.4823;41.8035;-1;2;Autovettura privata;In marcia / fermata / arresto;Conducente;F;Illeso;0;;Non accertato;Inesploso
5179804;12;02/12/2020 20:30:00;Provinciale;VIA ARDEATINA;da specificare;;;;INGRESSO SANTUARIO CIVICO 1221;Veicolo in marcia che urta buche nella carreggiata;Rettilineo;Una carreggiata a doppio senso;Bagnato (pioggia);Asfaltata;Verticale;Nuvoloso;Scarso;Buona;;0;0;0;1;12.5415;41.7791;-1;1;Autovettura privata;In marcia / fermata / arresto;Conducente;M;Illeso;0;;Non accertato;Inesploso
5179814;12;02/12/2020 21:00:00;Provinciale;VIA ARDEATINA;da specificare;;;;INGRESSO SANTUARIO CIVICO 1221;Veicolo in marcia che urta buche nella carreggiata;Rettilineo;Una carreggiata a doppio senso;Bagnato (pioggia);Asfaltata;Verticale;Nuvoloso;Scarso;Buona;;0;0;0;2;12.5359;41.7924;-1;1;Autovettura privata;In marcia / fermata / arresto;Conducente;M;Illeso;0;;Non accertato;Inesploso
5179814;12;02/12/2020 21:00:00;Provinciale;VIA ARDEATINA;da specificare;;;;INGRESSO SANTUARIO CIVICO 1221;Veicolo in marcia che urta buche nella carreggiata;Rettilineo;Una carreggiata a doppio senso;Bagnato (pioggia);Asfaltata;Verticale;Nuvoloso;Scarso;Buona;;0;0;0;2;12.5359;41.7924;-1;1;Autovettura privata;In marcia / fermata / arresto;Passeggero;M;Illeso;0;;Non accertato;Inesploso
5179830;8;02/12/2020 11:20:00;Strada Urbana;VIA DI TOR BELLA MONACA;da specificare;;;;svincolo rampe G.R.A.;Veicolo in marcia contro ostacolo fisso;Rettilineo;Una carreggiata a senso unico di marcia;Bagnato (pioggia);Asfaltata;Verticale ed orizzontale;Nuvoloso;Normale;Buona;;0;0;0;1;12.6281;41.8764;-1;1;Autovettura privata;In marcia / fermata / arresto;Conducente;M;Illeso;0;;;
5179831;8;02/12/2020 15:05:00;Provinciale entro l'abitato;VIA PRENESTINA;da specificare;;;;altezza G.R.A.;Scontro frontale/laterale DX fra veicoli in marcia;Rettilineo;Una carreggiata a doppio senso;Bagnato (pioggia);Asfaltata;Verticale ed orizzontale;Pioggia in atto;Intenso;Buona;;0;0;0;2;12.6155;41.8933;-1;1;Autovettura privata;In marcia / fermata / arresto;Conducente;M;Illeso;0;;Non accertato;Inesploso
5179831;8;02/12/2020 15:05:00;Provinciale entro l'abitato;VIA PRENESTINA;da specificare;;;;altezza G.R.A.;Scontro frontale/laterale DX fra veicoli in marcia;Rettilineo;Una carreggiata a doppio senso;Bagnato (pioggia);Asfaltata;Verticale ed orizzontale;Pioggia in atto;Intenso;Buona;;0;0;0;2;12.6155;41.8933;-1;2;Autovettura privata;In marcia / fermata / arresto;Conducente;M;Illeso;0;;Non accertato;Inesploso
5179832;8;02/12/2020 17:15:00;Strada Urbana;VIA DELL'ARCHEOLOGIA;in corrispondenza;;del civico n.;204;;Scontro laterale fra veicoli in marcia;Rettilineo;Una carreggiata a doppio senso;Bagnato (pioggia);Strada pavimentata dissestata;Verticale;Pioggia in atto;Scarso;Sufficiente;;0;0;0;3;12.6297;41.8787;-1;1;Autovettura privata;In marcia / fermata / arresto;Conducente;M;Illeso;0;;;
5179832;8;02/12/2020 17:15:00;Strada Urbana;VIA DELL'ARCHEOLOGIA;in corrispondenza;;del civico n.;204;;Scontro laterale fra veicoli in marcia;Rettilineo;Una carreggiata a doppio senso;Bagnato (pioggia);Strada pavimentata dissestata;Verticale;Pioggia in atto;Scarso;Sufficiente;;0;0;0;3;12.6297;41.8787;-1;1;Autovettura privata;In marcia / fermata / arresto;Passeggero;F;Illeso;0;;;Inesploso
5179832;8;02/12/2020 17:15:00;Strada Urbana;VIA DELL'ARCHEOLOGIA;in corrispondenza;;del civico n.;204;;Scontro laterale fra veicoli in marcia;Rettilineo;Una carreggiata a doppio senso;Bagnato (pioggia);Strada pavimentata dissestata;Verticale;Pioggia in atto;Scarso;Sufficiente;;0;0;0;3;12.6297;41.8787;-1;2;Autovettura privata;In marcia / fermata / arresto;Conducente;M;Illeso;0;;;
5179834;8;02/12/2020 18:15:00;Strada Urbana;VIA DEL TORRACCIO DI TORRENOVA;all'intersezione con;VIALE DUILIO CAMBELLOTTI;VIALE DUILIO CAMBELLOTTI;;;Investimento di pedone;Incrocio;Una carreggiata a senso unico di marcia;Bagnato (pioggia);Asfaltata;Verticale ed orizzontale;Pioggia in atto;Normale;Buona;;1;0;0;1;12.6279;41.8665;-1;;;;Pedone;F;Rimandato;0;NON DECEDUTO;;
5179834;8;02/12/2020 18:15:00;Strada Urbana;VIA DEL TORRACCIO DI TORRENOVA;all'intersezione con;VIALE DUILIO CAMBELLOTTI;VIALE DUILIO CAMBELLOTTI;;;Investimento di pedone;Incrocio;Una carreggiata a senso unico di marcia;Bagnato (pioggia);Asfaltata;Verticale ed orizzontale;Pioggia in atto;Normale;Buona;;1;0;0;1;12.6279;41.8665;-1;1;Autovettura privata;In marcia / fermata / arresto;Conducente;M;Illeso;0;;Non accertato;Inesploso
5179967;20;02/12/2020 06:00:00;Strada Urbana;VIALE DELLO STADIO OLIMPICO;in prossimit�;;del civico n.;16;;Veicolo in marcia contro ostacolo fisso;Curva a visuale libera;Una carreggiata a senso unico di marcia;Bagnato (umidit� in atto);Asfaltata;Orizzontale;Nuvoloso;Normale;Buona;;0;0;0;1;12.4538;41.9301;-1;1;Autovettura privata;In marcia / fermata / arresto;Conducente;F;Illeso;0;;Non accertato;
5179984;6;02/12/2020 15:45:00;Strada Urbana;PIAZZA GIUSEPPE CARDINALI;in prossimit�;;del civico n.;1;;Investimento di pedone;Rettilineo;Due carreggiate;Bagnato (pioggia);Asfaltata;Orizzontale;Pioggia in atto;Normale;Buona;;1;0;0;1;12.5464;41.8742;-1;;;;Pedone;F;Rimandato;0;NON DECEDUTO;;
5179984;6;02/12/2020 15:45:00;Strada Urbana;PIAZZA GIUSEPPE CARDINALI;in prossimit�;;del civico n.;1;;Investimento di pedone;Rettilineo;Due carreggiate;Bagnato (pioggia);Asfaltata;Orizzontale;Pioggia in atto;Normale;Buona;;1;0;0;1;12.5464;41.8742;-1;1;Autovettura privata;In marcia / fermata / arresto;Conducente;M;Illeso;0;;Non accertato;Inesploso
5180006;10;02/12/2020 18:30:00;Strada Urbana;VIA RIACE;in corrispondenza;;del civico n.;118;;Veicolo in marcia contro ostacolo accidentale;Rettilineo;Una carreggiata a senso unico di marcia;Bagnato (pioggia);Asfaltata;Assente;Pioggia in atto;Scarso;Buona;;0;0;0;3;12.621;41.8069;-1;1;Autovettura privata;In marcia / fermata / arresto;Conducente;F;Illeso;0;;Non accertato;Inesploso
5180006;10;02/12/2020 18:30:00;Strada Urbana;VIA RIACE;in corrispondenza;;del civico n.;118;;Veicolo in marcia contro ostacolo accidentale;Rettilineo;Una carreggiata a senso unico di marcia;Bagnato (pioggia);Asfaltata;Assente;Pioggia in atto;Scarso;Buona;;0;0;0;3;12.621;41.8069;-1;1;Autovettura privata;In marcia / fermata / arresto;Passeggero;M;Illeso;0;;Non accertato;Inesploso
5180006;10;02/12/2020 18:30:00;Strada Urbana;VIA RIACE;in corrispondenza;;del civico n.;118;;Veicolo in marcia contro ostacolo accidentale;Rettilineo;Una carreggiata a senso unico di marcia;Bagnato (pioggia);Asfaltata;Assente;Pioggia in atto;Scarso;Buona;;0;0;0;3;12.621;41.8069;-1;1;Autovettura privata;In marcia / fermata / arresto;Passeggero;F;Illeso;0;;Non accertato;Inesploso
5180011;15;02/12/2020 13:20:00;Strada Urbana;VIA KIICIRO TOYODA;in prossimit�;;del civico n.;94;;Tamponamento;Rettilineo;Una carreggiata a doppio senso;Bagnato (pioggia);Asfaltata;Orizzontale;Pioggia in atto;Scarso;Sufficiente;;0;0;0;2;12.3973;41.826;-1;1;Autocarro inferiore 35 q.;In marcia / fermata / arresto;Conducente;M;Illeso;0;;Non accertato;Inesploso
5180011;15;02/12/2020 13:20:00;Strada Urbana;VIA KIICIRO TOYODA;in prossimit�;;del civico n.;94;;Tamponamento;Rettilineo;Una carreggiata a doppio senso;Bagnato (pioggia);Asfaltata;Orizzontale;Pioggia in atto;Scarso;Sufficiente;;0;0;0;2;12.3973;41.826;-1;2;Autovettura privata;In marcia / fermata / arresto;Conducente;F;Illeso;0;;Non accertato;Inesploso
5180016;15;02/12/2020 14:25:00;Strada Urbana;VIA DELL'IMBRECCIATO;da specificare;;;;fronte civico 286;Veicolo in marcia contro ostacolo accidentale;Rettilineo;Una carreggiata a doppio senso;Bagnato (pioggia);Asfaltata;Verticale;Pioggia in atto;Scarso;Buona;;0;0;0;1;12.4467;41.854;-1;1;Autovettura privata;In marcia / fermata / arresto;Conducente;M;Illeso;0;;Non accertato;Inesploso