Protocollo;Gruppo;DataOraIncidente;Localizzazione1;STRADA1;Localizzazione2;STRADA2;Strada02;Chilometrica;DaSpecificare;NaturaIncidente;particolaritastrade;TipoStrada;FondoStradale;Pavimentazione;Segnaletica;CondizioneAtmosferica;Traffico;Visibilita;Illuminazione;NUM_FERITI;NUM_RISERVATA;NUM_MORTI;NUM_ILLESI;Longitudine;Latitudine;Confermato;Progressivo;TipoVeicolo;StatoVeicolo;TipoPersona;Sesso;Tipolesione;Deceduto;DecedutoDopo;CinturaCascoUtilizzato;Airbag;
5180506;16;02/12/2020 19:50:00;Strada Urbana;VIA RAFFAELE BALESTRA;all'intersezione con;VIA LORENZO VIDASCHI;VIA LORENZO VIDASCHI;;;Scontro frontale/laterale DX fra veicoli in marcia;Incrocio;Una carreggiata a doppio senso;Bagnato (umidit� in atto);Asfaltata;Verticale;Nuvoloso;Normale;Buona;;0;0;0;2;12.4498;41.8739;-1;2;Motociclo a solo;In marcia / fermata / arresto;Conducente;M;Illeso;0;;Non accertato;
5180512;4;03/12/2020 07:10:00;Strada Urbana;VIA GARGANO;in corrispondenza;;del civico n.;6;;Investimento di pedone;Rettilineo;Una carreggiata a doppio senso;Bagnato (umidit� in atto);Asfaltata;Verticale ed orizzontale;Nuvoloso;Normale;Sufficiente;;1;0;0;1;12.5345;41.9356;-1;;;;Pedone;F;Ricoverato;0;NON DECEDUTO;;
5180512;4;03/12/2020 07:10:00;Strada Urbana;VIA GARGANO;in corrispondenza;;del civico n.;6;;Investimento di pedone;Rettilineo;Una carreggiata a doppio senso;Bagnato (umidit� in atto);Asfaltata;Verticale ed orizzontale;Nuvoloso;Normale;Sufficiente;;1;0;0;1;12.5345;41.9356;-1;1;Autovettura privata;In marcia / fermata / arresto;Conducente;M;Illeso;0;;Non accertato;Inesploso
5180523;13;02/12/2020 16:40:00;Strada Urbana;VIA OSTIENSE;all'intersezione con;VIA DEL CASALETTO DI GIANO;VIA DEL CASALETTO DI GIANO;;;Scontro frontale/laterale DX fra veicoli in marcia;Incrocio;Una carreggiata a doppio senso;Bagnato (pioggia);Asfaltata;Verticale ed orizzontale;Pioggia in atto;Intenso;Buona;;1;0;0;1;12.4229;41.8109;-1;1;Autovettura privata;In marcia / fermata / arresto;Conducente;M;Illeso;0;;Non accertato;
5180523;13;02/12/2020 16:40:00;Strada Urbana;VIA OSTIENSE;all'intersezione con;VIA DEL CASALETTO DI GIANO;VIA DEL CASALETTO DI GIANO;;;Scontro frontale/laterale DX fra veicoli in marcia;Incrocio;Una carreggiata a doppio senso;Bagnato (pioggia);Asfaltata;Verticale ed orizzontale;Pioggia in atto;Intenso;Buona;;1;0;0;1;12.4229;41.8109;-1;2;Motociclo a solo;In marcia / fermata / arresto;Conducente;M;Rimandato;0;NON DECEDUTO;Non accertato;
5180531;5;02/12/2020 21:30:00;Strada Urbana;VIA DI CASAL BIANCO;all'intersezione con;VIALE ATTILIO BERTOLUCCI;VIALE ATTILIO BERTOLUCCI;;;Veicolo in marcia contro veicolo fermo;Incrocio;Una carreggiata a doppio senso;Bagnato (pioggia);Asfaltata;Verticale ed orizzontale;Sereno;Scarso;Buona;;0;0;0;3;12.6312;41.9428;-1;1;Autobus urbano;In marcia / fermata / arresto;Conducente;F;Illeso;0;;;
5180531;5;02/12/2020 21:30:00;Strada Urbana;VIA DI CASAL BIANCO;all'intersezione con;VIALE ATTILIO BERTOLUCCI;VIALE ATTILIO BERTOLUCCI;;;Veicolo in marcia contro veicolo fermo;Incrocio;Una carreggiata a doppio senso;Bagnato (pioggia);Asfaltata;Verticale ed orizzontale;Sereno;Scarso;Buona;;0;0;0;3;12.6312;41.9428;-1;1;Autobus urbano;In marcia / fermata / arresto;Passeggero;M;Illeso;0;;;
5180531;5;02/12/2020 21:30:00;Strada Urbana;VIA DI CASAL BIANCO;all'intersezione con;VIALE ATTILIO BERTOLUCCI;VIALE ATTILIO BERTOLUCCI;;;Veicolo in marcia contro veicolo fermo;Incrocio;Una carreggiata a doppio senso;Bagnato (pioggia);Asfaltata;Verticale ed orizzontale;Sereno;Scarso;Buona;;0;0;0;3;12.6312;41.9428;-1;2;Autovettura privata;In marcia / fermata / arresto;Conducente;M;Illeso;0;;;
5180585;11;03/12/2020 11:20:00;Strada Urbana;VIALE DEL CARAVAGGIO;all'intersezione con;VIA DEI GEORGOFILI;VIA DEI GEORGOFILI;;;Investimento di pedone;Incrocio;Una carreggiata a doppio senso;Bagnato (pioggia);Asfaltata;Verticale ed orizzontale;Nuvoloso;Normale;Buona;;1;0;0;1;12.4948;41.8511;-1;;;;Pedone;F;Rimandato;0;NON DECEDUTO;;
5180585;11;03/12/2020 11:20:00;Strada Urbana;VIALE DEL CARAVAGGIO;all'intersezione con;VIA DEI GEORGOFILI;VIA DEI GEORGOFILI;;;Investimento di pedone;Incrocio;Una carreggiata a doppio senso;Bagnato (pioggia);Asfaltata;Verticale ed orizzontale;Nuvoloso;Normale;Buona;;1;0;0;1;12.4948;41.8511;-1;1;Autovettura privata;In marcia / fermata / arresto;Conducente;F;Illeso;0;;Non accertato;Inesploso
5180656;2;03/12/2020 06:30:00;Strada Urbana;VIA SALARIA;all'intersezione semaforizzata con;VIA ANAPO;VIA ANAPO;;;Tamponamento;Intersezione semaforizzata;Una carreggiata a doppio senso;Bagnato (pioggia);Asfaltata;Verticale ed orizzontale;Pioggia in atto;Normale;Buona;;1;0;0;1;12.5058;41.9267;-1;1;Autovettura privata;In marcia / fermata / arresto;Conducente;F;Illeso;0;;;
5180656;2;03/12/2020 06:30:00;Strada Urbana;VIA SALARIA;all'intersezione semaforizzata con;VIA ANAPO;VIA ANAPO;;;Tamponamento;Intersezione semaforizzata;Una carreggiata a doppio senso;Bagnato (pioggia);Asfaltata;Verticale ed orizzontale;Pioggia in atto;Normale;Buona;;1;0;0;1;12.5058;41.9267;-1;2;Autovettura privata;In marcia / fermata / arresto;Conducente;F;Rimandato;0;NON DECEDUTO;;
5180662;10;03/12/2020 10:38:00;Strada Urbana;PIAZZA S. GIOVANNI BOSCO;all'intersezione con;VIA PIETRO BONFANTE;VIA PIETRO BONFANTE;;;Scontro frontale/laterale DX fra veicoli in marcia;Incrocio;Una carreggiata a senso unico di marcia;Bagnato (pioggia);Asfaltata;Verticale ed orizzontale;Nuvoloso;Normale;Buona;;0;0;0;2;12.5652;41.8594;-1;1;Autovettura privata;In marcia / fermata / arresto;Conducente;M;Illeso;0;;Non accertato;
5180662;10;03/12/2020 10:38:00;Strada Urbana;PIAZZA S. GIOVANNI BOSCO;all'intersezione con;VIA PIETRO BONFANTE;VIA PIETRO BONFANTE;;;Scontro frontale/laterale DX fra veicoli in marcia;Incrocio;Una carreggiata a senso unico di marcia;Bagnato (pioggia);Asfaltata;Verticale ed orizzontale;Nuvoloso;Normale;Buona;;0;0;0;2;12.5652;41.8594;-1;2;Autovettura privata;In marcia / fermata / arresto;Conducente;M;Illeso;0;;Non accertato;
5180668;18;03/12/2020 09:15:00;Statale;VIA AURELIA;in prossimit�;;della chilometrica;10.4;;Veicolo in marcia contro ostacolo fisso;Curva senza visuale libera;Pi� di due carreggiate;Bagnato (pioggia);Asfaltata;Verticale ed orizzontale;Pioggia in atto;Normale;Buona;;0;0;0;1;12.4012;41.8861;-1;1;Autovettura privata;In marcia / fermata / arresto;Conducente;M;Illeso;0;;Non accertato;Inesploso
5180669;2;03/12/2020 10:00:00;Strada Urbana;CIRCONVALLAZIONE SALARIA;da specificare;;;;dir. Foro Italico alt. svincolo Via Salaria;Tamponamento Multiplo;Rettilineo;Due carreggiate;Bagnato (pioggia);Asfaltata;Verticale ed orizzontale;Nuvoloso;Normale;Buona;;0;0;0;5;12.5207;41.9347;-1;1;Autovettura privata;In marcia / fermata / arresto;Conducente;M;Illeso;0;;Non accertato;Esploso
5180669;2;03/12/2020 10:00:00;Strada Urbana;CIRCONVALLAZIONE SALARIA;da specificare;;;;dir. Foro Italico alt. svincolo Via Salaria;Tamponamento Multiplo;Rettilineo;Due carreggiate;Bagnato (pioggia);Asfaltata;Verticale ed orizzontale;Nuvoloso;Normale;Buona;;0;0;0;5;12.5207;41.9347;-1;2;Autovettura privata;In marcia / fermata / arresto;Conducente;M;Illeso;0;;Non accertato;Inesploso
5180669;2;03/12/2020 10:00:00;Strada Urbana;CIRCONVALLAZIONE SALARIA;da specificare;;;;dir. Foro Italico alt. svincolo Via Salaria;Tamponamento Multiplo;Rettilineo;Due carreggiate;Bagnato (pioggia);Asfaltata;Verticale ed orizzontale;Nuvoloso;Normale;Buona;;0;0;0;5;12.5207;41.9347;-1;2;Autovettura privata;In marcia / fermata / arresto;Passeggero;F;Illeso;0;;Non accertato;Inesploso
5180669;2;03/12/2020 10:00:00;Strada Urbana;CIRCONVALLAZIONE SALARIA;da specificare;;;;dir. Foro Italico alt. svincolo Via Salaria;Tamponamento Multiplo;Rettilineo;Due carreggiate;Bagnato (pioggia);Asfaltata;Verticale ed orizzontale;Nuvoloso;Normale;Buona;;0;0;0;5;12.5207;41.9347;-1;2;Autovettura privata;In marcia / fermata / arresto;Passeggero;F;Illeso;0;;Non accertato;Inesploso
5180669;2;03/12/2020 10:00:00;Strada Urbana;CIRCONVALLAZIONE SALARIA;da specificare;;;;dir. Foro Italico alt. svincolo Via Salaria;Tamponamento Multiplo;Rettilineo;Due carreggiate;Bagnato (pioggia);Asfaltata;Verticale ed orizzontale;Nuvoloso;Normale;Buona;;0;0;0;5;12.5207;41.9347;-1;3;Autovettura privata;In marcia / fermata / arresto;Conducente;M;Illeso;0;;Non accertato;Inesploso
5180701;13;02/12/2020 19:00:00;Strada Urbana;VIA DI DRAGONE;in prossimit�;;del civico n.;185;;Scontro laterale fra veicoli in marcia;Rettilineo;Una carreggiata a doppio senso;Bagnato (pioggia);Asfaltata;Verticale;Nuvoloso;Normale;Buona;;0;0;0;5;12.3351;41.7801;-1;1;Autovettura privata;In marcia / fermata / arresto;Conducente;F;Illeso;0;;Non accertato;
5180701;13;02/12/2020 19:00:00;Strada Urbana;VIA DI DRAGONE;in prossimit�;;del civico n.;185;;Scontro laterale fra veicoli in marcia;Rettilineo;Una carreggiata a doppio senso;Bagnato (pioggia);Asfaltata;Verticale;Nuvoloso;Normale;Buona;;0;0;0;5;12.3351;41.7801;-1;1;Autovettura privata;In marcia / fermata / arresto;Passeggero;F;Illeso;0;;Non accertato;
5180701;13;02/12/2020 19:00:00;Strada Urbana;VIA DI DRAGONE;in prossimit�;;del civico n.;185;;Scontro laterale fra veicoli in marcia;Rettilineo;Una carreggiata a doppio senso;Bagnato (pioggia);Asfaltata;Verticale;Nuvoloso;Normale;Buona;;0;0;0;5;12.3351;41.7801;-1;1;Autovettura privata;In marcia / fermata / arresto;Passeggero;M;Illeso;0;;Non accertato;Inesploso
5180701;13;02/12/2020 19:00:00;Strada Urbana;VIA DI DRAGONE;in prossimit�;;del civico n.;185;;Scontro laterale fra veicoli in marcia;Rettilineo;Una carreggiata a doppio senso;Bagnato (pioggia);Asfaltata;Verticale;Nuvoloso;Normale;Buona;;0;0;0;5;12.3351;41.7801;-1;2;Autovettura privata;In marcia / fermata / arresto;Conducente;M;Illeso;0;;;
5180701;13;02/12/2020 19:00:00;Strada Urbana;VIA DI DRAGONE;in prossimit�;;del civico n.;185;;Scontro laterale fra veicoli in marcia;Rettilineo;Una carreggiata a doppio senso;Bagnato (pioggia);Asfaltata;Verticale;Nuvoloso;Normale;Buona;;0;0;0;5;12.3351;41.7801;-1;2;Autovettura privata;In marcia / fermata / arresto;Passeggero;F;Illeso;0;;Non accertato;Inesploso
5180809;17;02/12/2020 12:20:00;Strada Urbana;VIALE CARSO;all'intersezione con;LARGO GENERALE GONZAGA DEL VODICE;LARGO GENERALE GONZAGA DEL VODICE;;;Scontro frontale/laterale DX fra veicoli in marcia;Intersezione stradale segnalata;Una carreggiata a doppio senso;Bagnato (pioggia);Asfaltata;Verticale ed orizzontale;Pioggia in atto;Normale;Sufficiente;;0;0;0;3;12.4631;41.9201;-1;1;Autovettura privata;In marcia / fermata / arresto;Conducente;F;Illeso;0;;;
5180809;17;02/12/2020 12:20:00;Strada Urbana;VIALE CARSO;all'intersezione con;LARGO GENERALE GONZAGA DEL VODICE;LARGO GENERALE GONZAGA DEL VODICE;;;Scontro frontale/laterale DX fra veicoli in marcia;Intersezione stradale segnalata;Una carreggiata a doppio senso;Bagnato (pioggia);Asfaltata;Verticale ed orizzontale;Pioggia in atto;Normale;Sufficiente;;0;0;0;3;12.4631;41.9201;-1;2;Autovettura privata;In marcia / fermata / arresto;Conducente;M;Illeso;0;;;
5180809;17;02/12/2020 12:20:00;Strada Urbana;VIALE CARSO;all'intersezione con;LARGO GENERALE GONZAGA DEL VODICE;LARGO GENERALE GONZAGA DEL VODICE;;;Scontro frontale/laterale DX fra veicoli in marcia;Intersezione stradale segnalata;Una carreggiata a doppio senso;Bagnato (pioggia);Asfaltata;Verticale ed orizzontale;Pioggia in atto;Normale;Sufficiente;;0;0;0;3;12.4631;41.9201;-1;2;Autovettura privata;In marcia / fermata / arresto;Passeggero;F;Illeso;0;;;
5180904;15;03/12/2020 09:35:00;Strada Urbana;VIA ODERISI DA GUBBIO;in corrispondenza;;del civico n.;272;;Scontro laterale fra veicoli in marcia;Rettilineo;Una carreggiata a doppio senso;Bagnato (pioggia);Asfaltata;Orizzontale;Pioggia in atto;Normale;Buona;;0;0;0;2;12.4639;41.8629;-1;1;Autovettura privata;In marcia / fermata / arresto;Conducente;M;Illeso;0;;Non accertato;Inesploso
5180904;15;03/12/2020 09:35:00;Strada Urbana;VIA ODERISI DA GUBBIO;in corrispondenza;;del civico n.;272;;Scontro laterale fra veicoli in marcia;Rettilineo;Una carreggiata a doppio senso;Bagnato (pioggia);Asfaltata;Orizzontale;Pioggia in atto;Normale;Buona;;0;0;0;2;12.4639;41.8629;-1;2;Autovettura privata;In marcia / fermata / arresto;Conducente;M;Illeso;0;;Non accertato;Inesploso
5180954;12;03/12/2020 12:30:00;Strada Urbana;VIALE DELL'ARTE;in corrispondenza;;del civico n.;69;;Scontro frontale fra veicoli in marcia;Rettilineo;Una carreggiata a doppio senso;Asciutto;Asfaltata;Verticale ed orizzontale;Nuvoloso;Normale;Buona;;0;0;1;2;12.5159;41.9027;0;1;Autovettura privata;In marcia / fermata / arresto;Conducente;M;Deceduto durante prime cure;-1;;Utilizzato;Esploso
5180954;12;03/12/2020 12:30:00;Strada Urbana;VIALE DELL'ARTE;in corrispondenza;;del civico n.;69;;Scontro frontale fra veicoli in marcia;Rettilineo;Una carreggiata a doppio senso;Asciutto;Asfaltata;Verticale ed orizzontale;Nuvoloso;Normale;Buona;;0;0;1;2;12.5159;41.9027;0;2;Autobus urbano;In marcia / fermata / arresto;Conducente;M;Illeso;0;;Esente;Inesploso
5180954;12;03/12/2020 12:30:00;Strada Urbana;VIALE DELL'ARTE;in corrispondenza;;del civico n.;69;;Scontro frontale fra veicoli in marcia;Rettilineo;Una carreggiata a doppio senso;Asciutto;Asfaltata;Verticale ed orizzontale;Nuvoloso;Normale;Buona;;0;0;1;2;12.5159;41.9027;0;3;Autovettura privata;In marcia / fermata / arresto;Conducente;M;Illeso;0;;Utilizzato;Inesploso
5181057;18;03/12/2020 09:20:00;Strada Urbana;VIA DELLA PINETA SACCHETTI;in prossimit�;;del civico n.;78;;Scontro frontale/laterale SX fra veicoli in marcia;Rettilineo;Una carreggiata a doppio senso;Bagnato (umidit� in atto);Asfaltata;Verticale ed orizzontale;Nuvoloso;Normale;Buona;;2;0;0;0;12.4252;41.9105;-1;1;Autovettura privata;In marcia / fermata / arresto;Conducente;M;Rifiuta cure immediate;0;NON DECEDUTO;;
5181057;18;03/12/2020 09:20:00;Strada Urbana;VIA DELLA PINETA SACCHETTI;in prossimit�;;del civico n.;78;;Scontro frontale/laterale SX fra veicoli in marcia;Rettilineo;Una carreggiata a doppio senso;Bagnato (umidit� in atto);Asfaltata;Verticale ed orizzontale;Nuvoloso;Normale;Buona;;2;0;0;0;12.4252;41.9105;-1;2;Motociclo a solo;In marcia / fermata / arresto;Conducente;M;Rimandato;0;NON DECEDUTO;;
5181161;1;03/12/2020 14:55:00;Strada Urbana;PIAZZA DI PONTE S. ANGELO;all'intersezione semaforizzata con;PONTE S. ANGELO;PONTE S. ANGELO;;;Investimento di pedone;Intersezione semaforizzata;Una carreggiata a senso unico di marcia;Asciutto;Asfaltata;Verticale ed orizzontale;Nuvoloso;Normale;Buona;;1;0;0;1;12.4665;41.9012;-1;;;;Pedone;F;Illeso;0;;;
5181161;1;03/12/2020 14:55:00;Strada Urbana;PIAZZA DI PONTE S. ANGELO;all'intersezione semaforizzata con;PONTE S. ANGELO;PONTE S. ANGELO;;;Investimento di pedone;Intersezione semaforizzata;Una carreggiata a senso unico di marcia;Asciutto;Asfaltata;Verticale ed orizzontale;Nuvoloso;Normale;Buona;;1;0;0;1;12.4665;41.9012;-1;1;Motociclo a solo;In marcia / fermata / arresto;Conducente;M;Rimandato;0;NON DECEDUTO;Non accertato;
5181221;9;03/12/2020 14:30:00;Strada Urbana;VIA LA SPEZIA;all'intersezione semaforizzata con;VIA NOLA;VIA NOLA;;;Veicolo in marcia contro veicolo arresto;Incrocio;Una carreggiata a doppio senso;Asciutto;Asfaltata;Verticale ed orizzontale;Sereno;Intenso;Buona;;0;0;0;3;12.5153;41.8863;-1;1;Autovettura di polizia;In marcia / fermata / arresto;Conducente;M;Illeso;0;;Non accertato;Inesploso
5181221;9;03/12/2020 14:30:00;Strada Urbana;VIA LA SPEZIA;all'intersezione semaforizzata con;VIA NOLA;VIA NOLA;;;Veicolo in marcia contro veicolo arresto;Incrocio;Una carreggiata a doppio senso;Asciutto;Asfaltata;Verticale ed orizzontale;Sereno;Intenso;Buona;;0;0;0;3;12.5153;41.8863;-1;1;Autovettura di polizia;In marcia / fermata / arresto;Passeggero;M;Illeso;0;;Non accertato;Inesploso
5181221;9;03/12/2020 14:30:00;Strada Urbana;VIA LA SPEZIA;all'intersezione semaforizzata con;VIA NOLA;VIA NOLA;;;Veicolo in marcia contro veicolo arresto;Incrocio;Una carreggiata a doppio senso;Asciutto;Asfaltata;Verticale ed orizzontale;Sereno;Intenso;Buona;;0;0;0;3;12.5153;41.8863;-1;2;Velocipede;In marcia / fermata / arresto;Conducente;M;Illeso;0;;Esente;
5181249;23;03/12/2020 09:40:00;Strada Urbana;PIAZZA DELL'ARA COELI;da specificare;;;;altezza scalinata chiesa dell'Ara Coeli;Scontro laterale fra veicoli in marcia;Rettilineo;Una carreggiata a senso unico di marcia;Asciutto;In cubetti di porfido;Verticale ed orizzontale;Sereno;Intenso;Buona;;0;0;0;2;12.481;41.8945;-1;1;Autovettura privata;In marcia / fermata / arresto;Conducente;M;Illeso;0;;Non accertato;Inesploso
5181249;23;03/12/2020 09:40:00;Strada Urbana;PIAZZA DELL'ARA COELI;da specificare;;;;altezza scalinata chiesa dell'Ara Coeli;Scontro laterale fra veicoli in marcia;Rettilineo;Una carreggiata a senso unico di marcia;Asciutto;In cubetti di porfido;Verticale ed orizzontale;Sereno;Intenso;Buona;;0;0;0;2;12.481;41.8945;-1;2;Autovettura pubblica;In marcia / fermata / arresto;Conducente;M;Illeso;0;;Non accertato;Inesploso
5181281;3;02/12/2020 08:05:00;Strada Urbana;VIA RODOLFO LANCIANI;all'intersezione con;LARGO RODOLFO LANCIANI;LARGO RODOLFO LANCIANI;;;Investimento di pedone;Intersezione stradale segnalata;Una carreggiata a senso unico di marcia;Bagnato (pioggia);Asfaltata;Verticale ed orizzontale;Nuvoloso;Intenso;Buona;;1;0;0;1;12.5252;41.9213;-1;;;;Pedone;M;Ricoverato;0;NON DECEDUTO;;
5181281;3;02/12/2020 08:05:00;Strada Urbana;VIA RODOLFO LANCIANI;all'intersezione con;LARGO RODOLFO LANCIANI;LARGO RODOLFO LANCIANI;;;Investimento di pedone;Intersezione stradale segnalata;Una carreggiata a senso unico di marcia;Bagnato (pioggia);Asfaltata;Verticale ed orizzontale;Nuvoloso;Intenso;Buona;;1;0;0;1;12.5252;41.9213;-1;1;Autovettura privata;In marcia / fermata / arresto;Conducente;F;Illeso;0;;Non accertato;Inesploso
5181290;3;02/12/2020 11:00:00;;VIA DEI VOLSCI;in prossimit�;;del civico n.;70;;Scontro laterale fra veicoli in marcia;;;;;;;;;;0;0;0;2;;;0;1;Autovettura privata;In marcia / fermata / arresto;Conducente;F;Illeso;0;;;
5181290;3;02/12/2020 11:00:00;;VIA DEI VOLSCI;in prossimit�;;del civico n.;70;;Scontro laterale fra veicoli in marcia;;;;;;;;;;0;0;0;2;;;0;2;Autocarro inferiore 35 q.;In marcia / fermata / arresto;Conducente;M;Illeso;0;;;
5181301;3;03/12/2020 08:00:00;Strada Urbana;Tang Est dir San Giovanni;da specificare;;;;zona sopraelevata altezza dogana;Veicolo in marcia contro ostacolo fisso;Curva senza visuale libera;Una carreggiata a senso unico di marcia;Bagnato (pioggia);Asfaltata;Verticale ed orizzontale;Pioggia in atto;Intenso;Buona;;1;0;0;0;12.5308;41.908;-1;1;Autovettura privata;In marcia / fermata / arresto;Conducente;M;Ricoverato;0;NON DECEDUTO;;
5181326;12;03/12/2020 08:20:00;Statale entro l'abitato;VIA PONTINA;da specificare;;;;dir. Roma centro altezza Km 11,200;Tamponamento Multiplo;Rettilineo;Due carreggiate;Bagnato (pioggia);Asfaltata;Verticale;Nuvoloso;Normale;Buona;;0;0;0;4;12.4619;41.8164;-1;1;Autocarro inferiore 35 q.;In marcia / fermata / arresto;Conducente;M;Illeso;0;;Non accertato;Inesploso
5181326;12;03/12/2020 08:20:00;Statale entro l'abitato;VIA PONTINA;da specificare;;;;dir. Roma centro altezza Km 11,200;Tamponamento Multiplo;Rettilineo;Due carreggiate;Bagnato (pioggia);Asfaltata;Verticale;Nuvoloso;Normale;Buona;;0;0;0;4;12.4619;41.8164;-1;2;Autovettura privata;In marcia / fermata / arresto;Conducente;M;Illeso;0;;Non accertato;
5181326;12;03/12/2020 08:20:00;Statale entro l'abitato;VIA PONTINA;da specificare;;;;dir. Roma centro altezza Km 11,200;Tamponamento Multiplo;Rettilineo;Due carreggiate;Bagnato (pioggia);Asfaltata;Verticale;Nuvoloso;Normale;Buona;;0;0;0;4;12.4619;41.8164;-1;3;Autovettura privata;In marcia / fermata / arresto;Conducente;F;Illeso;0;;Non accertato;
5181326;12;03/12/2020 08:20:00;Statale entro l'abitato;VIA PONTINA;da specificare;;;;dir. Roma centro altezza Km 11,200;Tamponamento Multiplo;Rettilineo;Due carreggiate;Bagnato (pioggia);Asfaltata;Verticale;Nuvoloso;Normale;Buona;;0;0;0;4;12.4619;41.8164;-1;4;Autovettura privata;In marcia / fermata / arresto;Conducente;F;Illeso;0;;Non accertato;
5181366;12;03/12/2020 14:55:00;Strada Urbana;VIALE DEI CADUTI PER LA RESISTENZA;in corrispondenza;;del civico n.;125;;Investimento di pedone;Rettilineo;Una carreggiata a senso unico di marcia;Asciutto;Asfaltata;Verticale ed orizzontale;Sereno;Normale;Buona;;1;0;0;2;12.4468;41.7916;-1;;;;Pedone;M;Ricoverato;0;NON DECEDUTO;;
5181366;12;03/12/2020 14:55:00;Strada Urbana;VIALE DEI CADUTI PER LA RESISTENZA;in corrispondenza;;del civico n.;125;;Investimento di pedone;Rettilineo;Una carreggiata a senso unico di marcia;Asciutto;Asfaltata;Verticale ed orizzontale;Sereno;Normale;Buona;;1;0;0;2;12.4468;41.7916;-1;1;Motociclo con passeggero;In marcia / fermata / arresto;Conducente;M;Illeso;0;;Utilizzato;
5181366;12;03/12/2020 14:55:00;Strada Urbana;VIALE DEI CADUTI PER LA RESISTENZA;in corrispondenza;;del civico n.;125;;Investimento di pedone;Rettilineo;Una carreggiata a senso unico di marcia;Asciutto;Asfaltata;Verticale ed orizzontale;Sereno;Normale;Buona;;1;0;0;2;12.4468;41.7916;-1;1;Motociclo con passeggero;In marcia / fermata / arresto;Passeggero;M;Illeso;0;;Utilizzato;
5181395;19;03/12/2020 15:45:00;Strada Urbana;VIA NOSATE;in prossimit�;;del civico n.;10;;Investimento di pedone;Rettilineo;Una carreggiata a doppio senso;Bagnato (pioggia);Asfaltata;Verticale;Nuvoloso;Scarso;Buona;;1;0;0;1;12.3769;41.9384;-1;;;;Pedone;F;Rimandato;0;NON DECEDUTO;;
5181395;19;03/12/2020 15:45:00;Strada Urbana;VIA NOSATE;in prossimit�;;del civico n.;10;;Investimento di pedone;Rettilineo;Una carreggiata a doppio senso;Bagnato (pioggia);Asfaltata;Verticale;Nuvoloso;Scarso;Buona;;1;0;0;1;12.3769;41.9384;-1;1;Autovettura privata;In marcia / fermata / arresto;Conducente;M;Illeso;0;;;
5181405;13;03/12/2020 15:45:00;Strada Urbana;VIA ERMANNO WOLF FERRARI;in prossimit�;;del civico n.;187;;Scontro laterale fra veicoli in marcia;Rettilineo;Una carreggiata a doppio senso;Bagnato (pioggia);Asfaltata;Verticale ed orizzontale;Pioggia in atto;Intenso;Sufficiente;;0;0;0;4;12.3777;41.7484;-1;1;Autovettura privata;In marcia / fermata / arresto;Conducente;M;Illeso;0;;Non accertato;Inesploso
5181405;13;03/12/2020 15:45:00;Strada Urbana;VIA ERMANNO WOLF FERRARI;in prossimit�;;del civico n.;187;;Scontro laterale fra veicoli in marcia;Rettilineo;Una carreggiata a doppio senso;Bagnato (pioggia);Asfaltata;Verticale ed orizzontale;Pioggia in atto;Intenso;Sufficiente;;0;0;0;4;12.3777;41.7484;-1;1;Autovettura privata;In marcia / fermata / arresto;Passeggero;F;Illeso;0;;Non accertato;Inesploso
5181405;13;03/12/2020 15:45:00;Strada Urbana;VIA ERMANNO WOLF FERRARI;in prossimit�;;del civico n.;187;;Scontro laterale fra veicoli in marcia;Rettilineo;Una carreggiata a doppio senso;Bagnato (pioggia);Asfaltata;Verticale ed orizzontale;Pioggia in atto;Intenso;Sufficiente;;0;0;0;4;12.3777;41.7484;-1;2;Autovettura privata;In marcia / fermata / arresto;Conducente;F;Illeso;0;;Non accertato;Inesploso
5181405;13;03/12/2020 15:45:00;Strada Urbana;VIA ERMANNO WOLF FERRARI;in prossimit�;;del civico n.;187;;Scontro laterale fra veicoli in marcia;Rettilineo;Una carreggiata a doppio senso;Bagnato (pioggia);Asfaltata;Verticale ed orizzontale;Pioggia in atto;Intenso;Sufficiente;;0;0;0;4;12.3777;41.7484;-1;2;Autovettura privata;In marcia / fermata / arresto;Passeggero;F;Illeso;0;;Non accertato;Inesploso
5181529;8;03/12/2020 06:55:00;Strada Urbana;VIALE DUILIO CAMBELLOTTI;da specificare;;;;f.c.9;Investimento di pedone;Curva a visuale libera;Due carreggiate;Bagnato (pioggia);Asfaltata;Verticale ed orizzontale;Nuvoloso;Scarso;Sufficiente;;1;0;1;1;12.6297;41.8674;-1;;;;Pedone;F;Deceduto sul posto;-1;;;
5181529;8;03/12/2020 06:55:00;Strada Urbana;VIALE DUILIO CAMBELLOTTI;da specificare;;;;f.c.9;Investimento di pedone;Curva a visuale libera;Due carreggiate;Bagnato (pioggia);Asfaltata;Verticale ed orizzontale;Nuvoloso;Scarso;Sufficiente;;1;0;1;1;12.6297;41.8674;-1;;;;Pedone;F;Ricoverato;0;NON DECEDUTO;;
5181529;8;03/12/2020 06:55:00;Strada Urbana;VIALE DUILIO CAMBELLOTTI;da specificare;;;;f.c.9;Investimento di pedone;Curva a visuale libera;Due carreggiate;Bagnato (pioggia);Asfaltata;Verticale ed orizzontale;Nuvoloso;Scarso;Sufficiente;;1;0;1;1;12.6297;41.8674;-1;1;Autovettura privata;In marcia / fermata / arresto;Conducente;F;Illeso;0;;Non accertato;
5181530;15;03/12/2020 19:30:00;Strada Urbana;VIALE ISACCO NEWTON;da specificare;;;;rampa immissione prov. V.lo Papa Leone dir. EUR;Investimento di pedone;Rettilineo;Una carreggiata a senso unico di marcia;Bagnato (pioggia);Asfaltata;Verticale ed orizzontale;Nuvoloso;Scarso;Buona;;1;0;0;1;12.4427;41.8481;-1;;;;Pedone;M;Ricoverato;0;NON DECEDUTO;;