Protocollo;Gruppo;DataOraIncidente;Localizzazione1;STRADA1;Localizzazione2;STRADA2;Strada02;Chilometrica;DaSpecificare;NaturaIncidente;particolaritastrade;TipoStrada;FondoStradale;Pavimentazione;Segnaletica;CondizioneAtmosferica;Traffico;Visibilita;Illuminazione;NUM_FERITI;NUM_RISERVATA;NUM_MORTI;NUM_ILLESI;Longitudine;Latitudine;Confermato;Progressivo;TipoVeicolo;StatoVeicolo;TipoPersona;Sesso;Tipolesione;Deceduto;DecedutoDopo;CinturaCascoUtilizzato;Airbag;
5188086;8;08/12/2020 13:40:00;Provinciale entro l'abitato;VIA PRENESTINA;in prossimit�;;del palo luce n.;676;;Veicolo in marcia contro ostacolo accidentale;Rettilineo;Una carreggiata a doppio senso;Bagnato (pioggia);Con buche;Orizzontale;Pioggia in atto;Normale;Sufficiente;;0;0;0;1;12.6838;41.8902;-1;1;Autovettura privata;In marcia / fermata / arresto;Conducente;M;Illeso;0;;;
5188090;8;08/12/2020 17:30:00;Strada Urbana;VIA CASILINA;da specificare;;;;fronte civ. 1829;Investimento di pedone;Rettilineo;Una carreggiata a doppio senso;Bagnato (pioggia);Asfaltata;Verticale ed orizzontale;Nuvoloso;Normale;Buona;;1;0;0;2;12.6212;41.8626;-1;;;;Pedone;M;Rimandato;0;NON DECEDUTO;;
5188090;8;08/12/2020 17:30:00;Strada Urbana;VIA CASILINA;da specificare;;;;fronte civ. 1829;Investimento di pedone;Rettilineo;Una carreggiata a doppio senso;Bagnato (pioggia);Asfaltata;Verticale ed orizzontale;Nuvoloso;Normale;Buona;;1;0;0;2;12.6212;41.8626;-1;1;Autovettura privata;In marcia / fermata / arresto;Conducente;M;Illeso;0;;;
5188090;8;08/12/2020 17:30:00;Strada Urbana;VIA CASILINA;da specificare;;;;fronte civ. 1829;Investimento di pedone;Rettilineo;Una carreggiata a doppio senso;Bagnato (pioggia);Asfaltata;Verticale ed orizzontale;Nuvoloso;Normale;Buona;;1;0;0;2;12.6212;41.8626;-1;1;Autovettura privata;In marcia / fermata / arresto;Passeggero;M;Illeso;0;;;
5188091;8;08/12/2020 19:00:00;Strada Urbana;VIA BORGHESIANA;in prossimit�;;del civico n.;108;;Veicolo in marcia contro ostacolo accidentale;Rettilineo;Una carreggiata a doppio senso;Bagnato (umidit� in atto);Asfaltata;Assente;Pioggia in atto;Normale;Sufficiente;;1;0;0;1;12.6686;41.8843;-1;1;Autovettura privata;In marcia / fermata / arresto;Conducente;M;Illeso;0;;;
5188091;8;08/12/2020 19:00:00;Strada Urbana;VIA BORGHESIANA;in prossimit�;;del civico n.;108;;Veicolo in marcia contro ostacolo accidentale;Rettilineo;Una carreggiata a doppio senso;Bagnato (umidit� in atto);Asfaltata;Assente;Pioggia in atto;Normale;Sufficiente;;1;0;0;1;12.6686;41.8843;-1;1;Autovettura privata;In marcia / fermata / arresto;Passeggero;F;Rifiuta cure immediate;0;NON DECEDUTO;;
5188092;8;08/12/2020 19:00:00;Strada Urbana;VIA GIOVANNI ROSINI;in prossimit�;;del civico n.;27;;Veicolo in marcia contro veicolo in sosta;Rettilineo;Una carreggiata a senso unico di marcia;Bagnato (pioggia);Asfaltata;Assente;Pioggia in atto;Scarso;Sufficiente;;0;0;0;1;12.6217;41.865;-1;1;Autovettura privata;Sosta;;;;;;;
5188092;8;08/12/2020 19:00:00;Strada Urbana;VIA GIOVANNI ROSINI;in prossimit�;;del civico n.;27;;Veicolo in marcia contro veicolo in sosta;Rettilineo;Una carreggiata a senso unico di marcia;Bagnato (pioggia);Asfaltata;Assente;Pioggia in atto;Scarso;Sufficiente;;0;0;0;1;12.6217;41.865;-1;2;Autovettura privata;In marcia / fermata / arresto;Conducente;M;Illeso;0;;;
5188093;8;08/12/2020 19:10:00;Provinciale;VIA CASILINA;da specificare;;;;prossimit� via Grammichele;Scontro laterale fra veicoli in marcia;Rettilineo;Una carreggiata a doppio senso;Bagnato (pioggia);Asfaltata;Verticale ed orizzontale;Pioggia in atto;Scarso;Sufficiente;;0;0;0;5;12.6212;41.8626;0;1;Autovettura privata;In marcia / fermata / arresto;Conducente;F;Illeso;0;;Non accertato;Inesploso
5188093;8;08/12/2020 19:10:00;Provinciale;VIA CASILINA;da specificare;;;;prossimit� via Grammichele;Scontro laterale fra veicoli in marcia;Rettilineo;Una carreggiata a doppio senso;Bagnato (pioggia);Asfaltata;Verticale ed orizzontale;Pioggia in atto;Scarso;Sufficiente;;0;0;0;5;12.6212;41.8626;0;1;Autovettura privata;In marcia / fermata / arresto;Passeggero;M;Illeso;0;;Non accertato;Inesploso
5188093;8;08/12/2020 19:10:00;Provinciale;VIA CASILINA;da specificare;;;;prossimit� via Grammichele;Scontro laterale fra veicoli in marcia;Rettilineo;Una carreggiata a doppio senso;Bagnato (pioggia);Asfaltata;Verticale ed orizzontale;Pioggia in atto;Scarso;Sufficiente;;0;0;0;5;12.6212;41.8626;0;1;Autovettura privata;In marcia / fermata / arresto;Passeggero;M;Illeso;0;;Non accertato;Inesploso
5188093;8;08/12/2020 19:10:00;Provinciale;VIA CASILINA;da specificare;;;;prossimit� via Grammichele;Scontro laterale fra veicoli in marcia;Rettilineo;Una carreggiata a doppio senso;Bagnato (pioggia);Asfaltata;Verticale ed orizzontale;Pioggia in atto;Scarso;Sufficiente;;0;0;0;5;12.6212;41.8626;0;2;Autovettura privata;In marcia / fermata / arresto;Conducente;M;Illeso;0;;Non accertato;Inesploso
5188093;8;08/12/2020 19:10:00;Provinciale;VIA CASILINA;da specificare;;;;prossimit� via Grammichele;Scontro laterale fra veicoli in marcia;Rettilineo;Una carreggiata a doppio senso;Bagnato (pioggia);Asfaltata;Verticale ed orizzontale;Pioggia in atto;Scarso;Sufficiente;;0;0;0;5;12.6212;41.8626;0;2;Autovettura privata;In marcia / fermata / arresto;Passeggero;M;Illeso;0;;Non accertato;Inesploso
5188094;8;08/12/2020 20:10:00;Strada Urbana;VIA GUSTAVO COLONNETTI;da specificare;;;;rotatoria con Via Cicali;Scontro laterale fra veicoli in marcia;Rettilineo;Una carreggiata a senso unico di marcia;Bagnato (pioggia);Asfaltata;Verticale ed orizzontale;Pioggia in atto;Scarso;Sufficiente;;0;0;0;2;12.651;41.9115;-1;1;Autobus di linea;In marcia / fermata / arresto;Conducente;M;Illeso;0;;;
5188094;8;08/12/2020 20:10:00;Strada Urbana;VIA GUSTAVO COLONNETTI;da specificare;;;;rotatoria con Via Cicali;Scontro laterale fra veicoli in marcia;Rettilineo;Una carreggiata a senso unico di marcia;Bagnato (pioggia);Asfaltata;Verticale ed orizzontale;Pioggia in atto;Scarso;Sufficiente;;0;0;0;2;12.651;41.9115;-1;2;Autovettura privata;In marcia / fermata / arresto;Conducente;M;Illeso;0;;;
5188095;16;05/12/2020 12:35:00;Strada Urbana;VIA AURELIA ANTICA;da specificare;;;;fronte palo ACEA  n. 119;Veicolo in marcia contro ostacolo accidentale;Rettilineo;Una carreggiata a doppio senso;Asciutto;Asfaltata;Orizzontale;Vento forte;Normale;Buona;;0;0;0;1;12.435;41.8902;0;1;Autovettura privata;In marcia / fermata / arresto;Conducente;M;Illeso;0;;Non accertato;
5188096;16;05/12/2020 12:40:00;Strada Urbana;PIAZZA CARLO ALBERTO SCOTTI;all'intersezione con;VIA DI MONTE VERDE;VIA DI MONTE VERDE;;;Scontro frontale/laterale DX fra veicoli in marcia;Incrocio;Una carreggiata a doppio senso;Asciutto;Asfaltata;Temporanea di cantiere;Nuvoloso;Normale;Buona;;0;0;0;4;12.4462;41.8697;-1;1;Autovettura privata;In marcia / fermata / arresto;Conducente;F;Illeso;0;;Non accertato;Inesploso
5188096;16;05/12/2020 12:40:00;Strada Urbana;PIAZZA CARLO ALBERTO SCOTTI;all'intersezione con;VIA DI MONTE VERDE;VIA DI MONTE VERDE;;;Scontro frontale/laterale DX fra veicoli in marcia;Incrocio;Una carreggiata a doppio senso;Asciutto;Asfaltata;Temporanea di cantiere;Nuvoloso;Normale;Buona;;0;0;0;4;12.4462;41.8697;-1;1;Autovettura privata;In marcia / fermata / arresto;Passeggero;M;Illeso;0;;Non accertato;
5188096;16;05/12/2020 12:40:00;Strada Urbana;PIAZZA CARLO ALBERTO SCOTTI;all'intersezione con;VIA DI MONTE VERDE;VIA DI MONTE VERDE;;;Scontro frontale/laterale DX fra veicoli in marcia;Incrocio;Una carreggiata a doppio senso;Asciutto;Asfaltata;Temporanea di cantiere;Nuvoloso;Normale;Buona;;0;0;0;4;12.4462;41.8697;-1;2;Autovettura privata;In marcia / fermata / arresto;Conducente;M;Illeso;0;;Non accertato;Inesploso
5188096;16;05/12/2020 12:40:00;Strada Urbana;PIAZZA CARLO ALBERTO SCOTTI;all'intersezione con;VIA DI MONTE VERDE;VIA DI MONTE VERDE;;;Scontro frontale/laterale DX fra veicoli in marcia;Incrocio;Una carreggiata a doppio senso;Asciutto;Asfaltata;Temporanea di cantiere;Nuvoloso;Normale;Buona;;0;0;0;4;12.4462;41.8697;-1;2;Autovettura privata;In marcia / fermata / arresto;Passeggero;F;Illeso;0;;Non accertato;Inesploso
5188214;12;07/12/2020 07:00:00;Strada Urbana;VIA DI PRATICA;in prossimit�;;del civico n.;201;;Veicolo in marcia che urta buche nella carreggiata;Rettilineo;Una carreggiata a doppio senso;Bagnato (pioggia);Asfaltata;Verticale ed orizzontale;Pioggia in atto;Normale;Buona;;0;0;0;2;12.4332;41.701;-1;1;Autovettura privata;In marcia / fermata / arresto;Conducente;M;Illeso;0;;Non accertato;Inesploso
5188214;12;07/12/2020 07:00:00;Strada Urbana;VIA DI PRATICA;in prossimit�;;del civico n.;201;;Veicolo in marcia che urta buche nella carreggiata;Rettilineo;Una carreggiata a doppio senso;Bagnato (pioggia);Asfaltata;Verticale ed orizzontale;Pioggia in atto;Normale;Buona;;0;0;0;2;12.4332;41.701;-1;1;Autovettura privata;In marcia / fermata / arresto;Passeggero;F;Illeso;0;;Non accertato;Inesploso
5188216;16;05/12/2020 15:45:00;Strada Urbana;VIA DI BRAVETTA;in corrispondenza;;del civico n.;625;;Scontro laterale fra veicoli in marcia;Rettilineo;Una carreggiata a doppio senso;Asciutto;Asfaltata;Verticale ed orizzontale;Nuvoloso;Normale;Buona;;1;0;0;2;12.4228;41.8706;-1;1;Autovettura privata;In marcia / fermata / arresto;Conducente;M;Illeso;0;;Non accertato;
5188216;16;05/12/2020 15:45:00;Strada Urbana;VIA DI BRAVETTA;in corrispondenza;;del civico n.;625;;Scontro laterale fra veicoli in marcia;Rettilineo;Una carreggiata a doppio senso;Asciutto;Asfaltata;Verticale ed orizzontale;Nuvoloso;Normale;Buona;;1;0;0;2;12.4228;41.8706;-1;1;Autovettura privata;In marcia / fermata / arresto;Passeggero;M;Illeso;0;;Non accertato;
5188216;16;05/12/2020 15:45:00;Strada Urbana;VIA DI BRAVETTA;in corrispondenza;;del civico n.;625;;Scontro laterale fra veicoli in marcia;Rettilineo;Una carreggiata a doppio senso;Asciutto;Asfaltata;Verticale ed orizzontale;Nuvoloso;Normale;Buona;;1;0;0;2;12.4228;41.8706;-1;2;Motociclo a solo;In marcia / fermata / arresto;Conducente;M;Rimandato;0;NON DECEDUTO;Non accertato;
5188216;16;05/12/2020 15:45:00;Strada Urbana;VIA DI BRAVETTA;in corrispondenza;;del civico n.;625;;Scontro laterale fra veicoli in marcia;Rettilineo;Una carreggiata a doppio senso;Asciutto;Asfaltata;Verticale ed orizzontale;Nuvoloso;Normale;Buona;;1;0;0;2;12.4228;41.8706;-1;3;Autovettura privata;Sosta;;;;;;;
5188242;4;07/12/2020 16:15:00;Strada Urbana;VIA LUCIANO ZUCCOLI;in corrispondenza;;del civico n.;fr. 55A;;Veicolo in marcia contro veicoli in sosta;Rettilineo;Una carreggiata a senso unico di marcia;Bagnato (pioggia);Asfaltata;Assente;Nuvoloso;Scarso;Buona;;0;0;0;2;12.5452;41.9506;-1;1;Autovettura privata;Sosta;;;;;;;
5188242;4;07/12/2020 16:15:00;Strada Urbana;VIA LUCIANO ZUCCOLI;in corrispondenza;;del civico n.;fr. 55A;;Veicolo in marcia contro veicoli in sosta;Rettilineo;Una carreggiata a senso unico di marcia;Bagnato (pioggia);Asfaltata;Assente;Nuvoloso;Scarso;Buona;;0;0;0;2;12.5452;41.9506;-1;2;Autovettura privata;Sosta;;;;;;;
5188242;4;07/12/2020 16:15:00;Strada Urbana;VIA LUCIANO ZUCCOLI;in corrispondenza;;del civico n.;fr. 55A;;Veicolo in marcia contro veicoli in sosta;Rettilineo;Una carreggiata a senso unico di marcia;Bagnato (pioggia);Asfaltata;Assente;Nuvoloso;Scarso;Buona;;0;0;0;2;12.5452;41.9506;-1;3;Autovettura privata;Sosta;;;;;;;
5188242;4;07/12/2020 16:15:00;Strada Urbana;VIA LUCIANO ZUCCOLI;in corrispondenza;;del civico n.;fr. 55A;;Veicolo in marcia contro veicoli in sosta;Rettilineo;Una carreggiata a senso unico di marcia;Bagnato (pioggia);Asfaltata;Assente;Nuvoloso;Scarso;Buona;;0;0;0;2;12.5452;41.9506;-1;4;Autovettura privata;Sosta;;;;;;;
5188242;4;07/12/2020 16:15:00;Strada Urbana;VIA LUCIANO ZUCCOLI;in corrispondenza;;del civico n.;fr. 55A;;Veicolo in marcia contro veicoli in sosta;Rettilineo;Una carreggiata a senso unico di marcia;Bagnato (pioggia);Asfaltata;Assente;Nuvoloso;Scarso;Buona;;0;0;0;2;12.5452;41.9506;-1;5;Autovettura privata;Sosta;;;;;;;
5188242;4;07/12/2020 16:15:00;Strada Urbana;VIA LUCIANO ZUCCOLI;in corrispondenza;;del civico n.;fr. 55A;;Veicolo in marcia contro veicoli in sosta;Rettilineo;Una carreggiata a senso unico di marcia;Bagnato (pioggia);Asfaltata;Assente;Nuvoloso;Scarso;Buona;;0;0;0;2;12.5452;41.9506;-1;6;Autovettura privata;In marcia / fermata / arresto;Conducente;M;Illeso;0;;Non accertato;Inesploso
5188242;4;07/12/2020 16:15:00;Strada Urbana;VIA LUCIANO ZUCCOLI;in corrispondenza;;del civico n.;fr. 55A;;Veicolo in marcia contro veicoli in sosta;Rettilineo;Una carreggiata a senso unico di marcia;Bagnato (pioggia);Asfaltata;Assente;Nuvoloso;Scarso;Buona;;0;0;0;2;12.5452;41.9506;-1;6;Autovettura privata;In marcia / fermata / arresto;Passeggero;M;Illeso;0;;Non accertato;Inesploso
5188251;15;08/12/2020 13:30:00;Strada Urbana;VIALE GIUSEPPE SIRTORI;all'intersezione con;VIA PIETRO MARONCELLI;VIA PIETRO MARONCELLI;;;Scontro frontale/laterale DX fra veicoli in marcia;Incrocio;Due carreggiate;Bagnato (pioggia);Asfaltata;Orizzontale;Pioggia in atto;Scarso;Buona;;0;0;0;2;12.4484;41.8556;-1;1;Autovettura privata;In marcia / fermata / arresto;Conducente;M;Illeso;0;;;
5188251;15;08/12/2020 13:30:00;Strada Urbana;VIALE GIUSEPPE SIRTORI;all'intersezione con;VIA PIETRO MARONCELLI;VIA PIETRO MARONCELLI;;;Scontro frontale/laterale DX fra veicoli in marcia;Incrocio;Due carreggiate;Bagnato (pioggia);Asfaltata;Orizzontale;Pioggia in atto;Scarso;Buona;;0;0;0;2;12.4484;41.8556;-1;2;Autovettura privata;In marcia / fermata / arresto;Conducente;F;Illeso;0;;;Esploso
5188256;1;07/12/2020 18:00:00;Strada Urbana;VIA LUDOVICO MURATORI;in prossimit�;;del civico n.;18;;Veicolo in marcia contro veicolo in sosta;Curva a visuale libera;Una carreggiata a senso unico di marcia;Bagnato (umidit� in atto);Asfaltata;Verticale ed orizzontale;Nuvoloso;Scarso;Buona;;1;0;0;0;12.5005;41.89;-1;1;Autovettura privata;In marcia / fermata / arresto;Conducente;F;Rimandato;0;NON DECEDUTO;;
5188256;1;07/12/2020 18:00:00;Strada Urbana;VIA LUDOVICO MURATORI;in prossimit�;;del civico n.;18;;Veicolo in marcia contro veicolo in sosta;Curva a visuale libera;Una carreggiata a senso unico di marcia;Bagnato (umidit� in atto);Asfaltata;Verticale ed orizzontale;Nuvoloso;Scarso;Buona;;1;0;0;0;12.5005;41.89;-1;2;Autovettura privata;Sosta;;;;;;;
5188256;1;07/12/2020 18:00:00;Strada Urbana;VIA LUDOVICO MURATORI;in prossimit�;;del civico n.;18;;Veicolo in marcia contro veicolo in sosta;Curva a visuale libera;Una carreggiata a senso unico di marcia;Bagnato (umidit� in atto);Asfaltata;Verticale ed orizzontale;Nuvoloso;Scarso;Buona;;1;0;0;0;12.5005;41.89;-1;3;Autocarro inferiore 35 q.;Sosta;;;;;;;
5188262;12;07/12/2020 08:30:00;Strada Urbana;VIA DI PRATICA;in prossimit�;;del civico n.;201;;Veicolo in marcia che urta buche nella carreggiata;Rettilineo;Una carreggiata a doppio senso;;Asfaltata;Verticale ed orizzontale;Grandine in atto;Normale;Buona;;0;0;0;1;12.4331;41.7008;-1;1;Autovettura privata;In marcia / fermata / arresto;Conducente;M;Illeso;0;;Non accertato;Inesploso
5188267;11;07/12/2020 17:30:00;Strada Urbana;VIALE DEL TINTORETTO;all'intersezione semaforizzata con;VIA ALESSIO BALDOVINETTI;VIA ALESSIO BALDOVINETTI;;;Scontro laterale fra veicoli in marcia;Intersezione semaforizzata;Due carreggiate;Bagnato (pioggia);Asfaltata;Verticale ed orizzontale;Sereno;Intenso;Buona;;0;0;0;2;12.4948;41.8334;-1;1;Autovettura privata;In marcia / fermata / arresto;Conducente;F;Illeso;0;;Non accertato;
5188267;11;07/12/2020 17:30:00;Strada Urbana;VIALE DEL TINTORETTO;all'intersezione semaforizzata con;VIA ALESSIO BALDOVINETTI;VIA ALESSIO BALDOVINETTI;;;Scontro laterale fra veicoli in marcia;Intersezione semaforizzata;Due carreggiate;Bagnato (pioggia);Asfaltata;Verticale ed orizzontale;Sereno;Intenso;Buona;;0;0;0;2;12.4948;41.8334;-1;2;Autovettura privata;In marcia / fermata / arresto;Conducente;M;Illeso;0;;Non accertato;
5188282;20;08/12/2020 10:00:00;Strada Urbana;LUNGOTEVERE MARESCIALLO DIAZ;all'intersezione con;LARGO MARESCIALLO DIAZ;LARGO MARESCIALLO DIAZ;;;Veicolo in marcia contro ostacolo accidentale;Intersezione stradale segnalata;Due carreggiate;Bagnato (pioggia);Asfaltata;Verticale ed orizzontale;Pioggia in atto;Normale;Sufficiente;;0;0;0;1;12.4651;41.9362;-1;1;Velocipede;In marcia / fermata / arresto;Conducente;M;Illeso;0;;Esente;
5188284;11;08/12/2020 16:20:00;Strada Urbana;VIALE PICO DELLA MIRANDOLA;all'intersezione semaforizzata con;VIA BALDASSARRE CASTIGLIONE;VIA BALDASSARRE CASTIGLIONE;;;Scontro frontale/laterale DX fra veicoli in marcia;Incrocio;Due carreggiate;Bagnato (pioggia);Asfaltata;Verticale ed orizzontale;Pioggia in atto;Scarso;Buona;;2;0;0;1;12.4842;41.8448;-1;1;Autovettura privata;In marcia / fermata / arresto;Conducente;M;Illeso;0;;Non accertato;
5188284;11;08/12/2020 16:20:00;Strada Urbana;VIALE PICO DELLA MIRANDOLA;all'intersezione semaforizzata con;VIA BALDASSARRE CASTIGLIONE;VIA BALDASSARRE CASTIGLIONE;;;Scontro frontale/laterale DX fra veicoli in marcia;Incrocio;Due carreggiate;Bagnato (pioggia);Asfaltata;Verticale ed orizzontale;Pioggia in atto;Scarso;Buona;;2;0;0;1;12.4842;41.8448;-1;2;Autovettura privata;In marcia / fermata / arresto;Conducente;M;Ricoverato;0;NON DECEDUTO;Non accertato;
5188284;11;08/12/2020 16:20:00;Strada Urbana;VIALE PICO DELLA MIRANDOLA;all'intersezione semaforizzata con;VIA BALDASSARRE CASTIGLIONE;VIA BALDASSARRE CASTIGLIONE;;;Scontro frontale/laterale DX fra veicoli in marcia;Incrocio;Due carreggiate;Bagnato (pioggia);Asfaltata;Verticale ed orizzontale;Pioggia in atto;Scarso;Buona;;2;0;0;1;12.4842;41.8448;-1;2;Autovettura privata;In marcia / fermata / arresto;Passeggero;F;Rifiuta cure immediate;0;NON DECEDUTO;Non accertato;
5188290;20;08/12/2020 18:10:00;Strada Urbana;VIALE DI TOR DI QUINTO;in corrispondenza;;del civico n.;35;;Investimento di pedone;Rettilineo;Una carreggiata a doppio senso;Bagnato (pioggia);Asfaltata;Verticale ed orizzontale;Pioggia in atto;Normale;Sufficiente;;1;0;0;1;12.4759;41.9376;-1;;;;Pedone;M;Rimandato;0;NON DECEDUTO;;
5188290;20;08/12/2020 18:10:00;Strada Urbana;VIALE DI TOR DI QUINTO;in corrispondenza;;del civico n.;35;;Investimento di pedone;Rettilineo;Una carreggiata a doppio senso;Bagnato (pioggia);Asfaltata;Verticale ed orizzontale;Pioggia in atto;Normale;Sufficiente;;1;0;0;1;12.4759;41.9376;-1;1;Motociclo a solo;In marcia / fermata / arresto;Conducente;M;Illeso;0;;Utilizzato;
5188307;18;08/12/2020 09:00:00;Strada Urbana;CIRCONVALLAZIONE AURELIA;da specificare;;;;civico 12 (area parcheggio);Veicolo in marcia contro veicolo in sosta;Pianeggiante;Una carreggiata a doppio senso;Bagnato (pioggia);Asfaltata;Verticale;Pioggia in atto;Scarso;Buona;;0;0;0;2;12.4283;41.897;-1;1;Autovettura privata;In marcia / fermata / arresto;Conducente;F;Illeso;0;;;
5188307;18;08/12/2020 09:00:00;Strada Urbana;CIRCONVALLAZIONE AURELIA;da specificare;;;;civico 12 (area parcheggio);Veicolo in marcia contro veicolo in sosta;Pianeggiante;Una carreggiata a doppio senso;Bagnato (pioggia);Asfaltata;Verticale;Pioggia in atto;Scarso;Buona;;0;0;0;2;12.4283;41.897;-1;1;Autovettura privata;In marcia / fermata / arresto;Passeggero;F;Illeso;0;;;
5188307;18;08/12/2020 09:00:00;Strada Urbana;CIRCONVALLAZIONE AURELIA;da specificare;;;;civico 12 (area parcheggio);Veicolo in marcia contro veicolo in sosta;Pianeggiante;Una carreggiata a doppio senso;Bagnato (pioggia);Asfaltata;Verticale;Pioggia in atto;Scarso;Buona;;0;0;0;2;12.4283;41.897;-1;2;Autovettura privata;Sosta;;;;;;;
5188308;15;08/12/2020 16:15:00;Strada Urbana;PIAZZA ENRICO FERMI;in corrispondenza;;del civico n.;39;;Tamponamento;Rettilineo;Una carreggiata a senso unico di marcia;Bagnato (pioggia);Asfaltata;Verticale ed orizzontale;Pioggia in atto;Normale;Sufficiente;;0;0;0;4;12.4689;41.8641;-1;1;Autovettura privata;In marcia / fermata / arresto;Conducente;F;Illeso;0;;Non accertato;
5188308;15;08/12/2020 16:15:00;Strada Urbana;PIAZZA ENRICO FERMI;in corrispondenza;;del civico n.;39;;Tamponamento;Rettilineo;Una carreggiata a senso unico di marcia;Bagnato (pioggia);Asfaltata;Verticale ed orizzontale;Pioggia in atto;Normale;Sufficiente;;0;0;0;4;12.4689;41.8641;-1;2;Autovettura privata;In marcia / fermata / arresto;Conducente;M;Illeso;0;;Non accertato;
5188308;15;08/12/2020 16:15:00;Strada Urbana;PIAZZA ENRICO FERMI;in corrispondenza;;del civico n.;39;;Tamponamento;Rettilineo;Una carreggiata a senso unico di marcia;Bagnato (pioggia);Asfaltata;Verticale ed orizzontale;Pioggia in atto;Normale;Sufficiente;;0;0;0;4;12.4689;41.8641;-1;2;Autovettura privata;In marcia / fermata / arresto;Passeggero;F;Illeso;0;;Utilizzato;
5188308;15;08/12/2020 16:15:00;Strada Urbana;PIAZZA ENRICO FERMI;in corrispondenza;;del civico n.;39;;Tamponamento;Rettilineo;Una carreggiata a senso unico di marcia;Bagnato (pioggia);Asfaltata;Verticale ed orizzontale;Pioggia in atto;Normale;Sufficiente;;0;0;0;4;12.4689;41.8641;-1;2;Autovettura privata;In marcia / fermata / arresto;Passeggero;M;Illeso;0;;;
5188315;20;08/12/2020 22:00:00;Strada Urbana;LUNGOTEVERE MARESCIALLO DIAZ;da specificare;;;;fronte Piazza Lauro de Bosis;Investimento di pedone;Rettilineo;Una carreggiata a doppio senso;Bagnato (pioggia);Asfaltata;Verticale ed orizzontale;Pioggia in atto;Scarso;Sufficiente;;1;0;0;1;12.462;41.9339;-1;;;;Pedone;M;Rimandato;0;NON DECEDUTO;;
5188315;20;08/12/2020 22:00:00;Strada Urbana;LUNGOTEVERE MARESCIALLO DIAZ;da specificare;;;;fronte Piazza Lauro de Bosis;Investimento di pedone;Rettilineo;Una carreggiata a doppio senso;Bagnato (pioggia);Asfaltata;Verticale ed orizzontale;Pioggia in atto;Scarso;Sufficiente;;1;0;0;1;12.462;41.9339;-1;1;Autovettura privata;In marcia / fermata / arresto;Conducente;M;Illeso;0;;Non accertato;Inesploso
5188316;1;08/12/2020 11:20:00;Strada Urbana;PASSEGGIATA DI RIPETTA;in prossimit�;;del civico n.;42;;Tamponamento;Rettilineo;Una carreggiata a senso unico di marcia;Bagnato (umidit� in atto);Asfaltata;Verticale ed orizzontale;Pioggia in atto;Normale;Buona;;1;0;0;2;;;0;1;Autovettura privata;In marcia / fermata / arresto;Conducente;M;Illeso;0;;;
5188316;1;08/12/2020 11:20:00;Strada Urbana;PASSEGGIATA DI RIPETTA;in prossimit�;;del civico n.;42;;Tamponamento;Rettilineo;Una carreggiata a senso unico di marcia;Bagnato (umidit� in atto);Asfaltata;Verticale ed orizzontale;Pioggia in atto;Normale;Buona;;1;0;0;2;;;0;1;Autovettura privata;In marcia / fermata / arresto;Passeggero;F;Illeso;0;;;
5188316;1;08/12/2020 11:20:00;Strada Urbana;PASSEGGIATA DI RIPETTA;in prossimit�;;del civico n.;42;;Tamponamento;Rettilineo;Una carreggiata a senso unico di marcia;Bagnato (umidit� in atto);Asfaltata;Verticale ed orizzontale;Pioggia in atto;Normale;Buona;;1;0;0;2;;;0;2;Motociclo a solo;In marcia / fermata / arresto;Conducente;M;Rimandato;0;NON DECEDUTO;;
5188318;20;07/12/2020 14:35:00;Strada Urbana;VIA VALLE DELLA STORTA;in corrispondenza;;del civico n.;83;;Veicolo in marcia contro veicolo in sosta;Rettilineo;Una carreggiata a doppio senso;Bagnato (pioggia);Asfaltata;Assente;Nuvoloso;Normale;Sufficiente;;0;0;0;1;12.3815;42.0137;-1;1;Autocarro inferiore 35 q.;In marcia / fermata / arresto;Conducente;M;Illeso;0;;Non accertato;
5188318;20;07/12/2020 14:35:00;Strada Urbana;VIA VALLE DELLA STORTA;in corrispondenza;;del civico n.;83;;Veicolo in marcia contro veicolo in sosta;Rettilineo;Una carreggiata a doppio senso;Bagnato (pioggia);Asfaltata;Assente;Nuvoloso;Normale;Sufficiente;;0;0;0;1;12.3815;42.0137;-1;2;Autovettura privata;Sosta;;;;;;;
5188323;11;07/12/2020 08:50:00;Strada Urbana;VIA FLAVIA TIZIANA;all'intersezione con;VIA DI S. PETRONILLA;VIA DI S. PETRONILLA;;;Scontro laterale fra veicoli in marcia;Intersezione stradale segnalata;Due carreggiate;Bagnato (pioggia);Asfaltata;Verticale ed orizzontale;Pioggia in atto;Normale;Buona;;1;0;0;1;12.4999;41.8577;-1;1;Autovettura privata;In marcia / fermata / arresto;Conducente;F;Rimandato;0;NON DECEDUTO;;
5188323;11;07/12/2020 08:50:00;Strada Urbana;VIA FLAVIA TIZIANA;all'intersezione con;VIA DI S. PETRONILLA;VIA DI S. PETRONILLA;;;Scontro laterale fra veicoli in marcia;Intersezione stradale segnalata;Due carreggiate;Bagnato (pioggia);Asfaltata;Verticale ed orizzontale;Pioggia in atto;Normale;Buona;;1;0;0;1;12.4999;41.8577;-1;2;Autovettura privata;In marcia / fermata / arresto;Conducente;M;Illeso;0;;;
5188326;18;08/12/2020 19:25:00;Strada Urbana;VIA SUOR MARIA AGOSTINA;in prossimit�;;del civico n.;106;;Veicolo in marcia contro ostacolo fisso;Curva a visuale libera;Una carreggiata a doppio senso;Bagnato (pioggia);Asfaltata;Verticale ed orizzontale;Pioggia in atto;Normale;Buona;;0;0;0;3;12.3876;41.9046;-1;1;Autovettura privata;In marcia / fermata / arresto;Conducente;M;Illeso;0;;;