Protocollo;Gruppo;DataOraIncidente;Localizzazione1;STRADA1;Localizzazione2;STRADA2;Strada02;Chilometrica;DaSpecificare;NaturaIncidente;particolaritastrade;TipoStrada;FondoStradale;Pavimentazione;Segnaletica;CondizioneAtmosferica;Traffico;Visibilita;Illuminazione;NUM_FERITI;NUM_RISERVATA;NUM_MORTI;NUM_ILLESI;Longitudine;Latitudine;Confermato;Progressivo;TipoVeicolo;StatoVeicolo;TipoPersona;Sesso;Tipolesione;Deceduto;DecedutoDopo;CinturaCascoUtilizzato;Airbag;
5190182;1;09/12/2020 19:40:00;Strada Urbana;LUNGOTEVERE DEI FIORENTINI;in prossimit�;;del palo luce n.;17;;Scontro laterale fra veicoli in marcia;Rettilineo;Una carreggiata a senso unico di marcia;Bagnato (umidit� in atto);Asfaltata;Verticale ed orizzontale;Nuvoloso;Normale;Sufficiente;;0;0;0;2;12.4647;41.9006;-1;1;Autovettura privata;In marcia / fermata / arresto;Conducente;F;Illeso;0;;Non accertato;Inesploso
5190182;1;09/12/2020 19:40:00;Strada Urbana;LUNGOTEVERE DEI FIORENTINI;in prossimit�;;del palo luce n.;17;;Scontro laterale fra veicoli in marcia;Rettilineo;Una carreggiata a senso unico di marcia;Bagnato (umidit� in atto);Asfaltata;Verticale ed orizzontale;Nuvoloso;Normale;Sufficiente;;0;0;0;2;12.4647;41.9006;-1;2;Autovettura privata;In marcia / fermata / arresto;Conducente;M;Illeso;0;;;
5190189;7;09/12/2020 10:10:00;Strada Urbana;VIA PRENESTINA;all'intersezione semaforizzata con;VIALE PALMIRO TOGLIATTI;VIALE PALMIRO TOGLIATTI;;;Scontro frontale/laterale SX fra veicoli in marcia;Incrocio;Due carreggiate;Asciutto;Asfaltata;Verticale ed orizzontale;Nuvoloso;Normale;Buona;;0;0;0;2;12.5749;41.8949;-1;1;Autovettura privata;In marcia / fermata / arresto;Conducente;M;Illeso;0;;Non accertato;Inesploso
5190189;7;09/12/2020 10:10:00;Strada Urbana;VIA PRENESTINA;all'intersezione semaforizzata con;VIALE PALMIRO TOGLIATTI;VIALE PALMIRO TOGLIATTI;;;Scontro frontale/laterale SX fra veicoli in marcia;Incrocio;Due carreggiate;Asciutto;Asfaltata;Verticale ed orizzontale;Nuvoloso;Normale;Buona;;0;0;0;2;12.5749;41.8949;-1;2;Motociclo a solo;In marcia / fermata / arresto;Conducente;M;Illeso;0;;Non accertato;
5190207;15;09/12/2020 18:30:00;Strada Urbana;VIA DELLA MAGLIANA;da specificare;;;;prossimit� civico 400;Veicolo in marcia contro ostacolo accidentale;Rettilineo;Una carreggiata a doppio senso;Bagnato (pioggia);Asfaltata;Orizzontale;Pioggia in atto;Normale;Buona;;0;0;0;2;12.4196;41.8317;-1;1;Autovettura privata;In marcia / fermata / arresto;Conducente;M;Illeso;0;;Non accertato;Inesploso
5190207;15;09/12/2020 18:30:00;Strada Urbana;VIA DELLA MAGLIANA;da specificare;;;;prossimit� civico 400;Veicolo in marcia contro ostacolo accidentale;Rettilineo;Una carreggiata a doppio senso;Bagnato (pioggia);Asfaltata;Orizzontale;Pioggia in atto;Normale;Buona;;0;0;0;2;12.4196;41.8317;-1;1;Autovettura privata;In marcia / fermata / arresto;Passeggero;F;Illeso;0;;Non accertato;Inesploso
5190208;4;09/12/2020 17:20:00;Strada Urbana;VIA RENATO FUCINI;da specificare;;;;FRONTE CIVICO 242;Veicolo in marcia contro veicolo fermo;Rettilineo;Due carreggiate;Bagnato (pioggia);Asfaltata;Assente;Nuvoloso;Normale;Sufficiente;;0;0;0;3;12.5496;41.9497;-1;1;Autovettura privata;In marcia / fermata / arresto;Conducente;M;Illeso;0;;Non accertato;Inesploso
5190208;4;09/12/2020 17:20:00;Strada Urbana;VIA RENATO FUCINI;da specificare;;;;FRONTE CIVICO 242;Veicolo in marcia contro veicolo fermo;Rettilineo;Due carreggiate;Bagnato (pioggia);Asfaltata;Assente;Nuvoloso;Normale;Sufficiente;;0;0;0;3;12.5496;41.9497;-1;1;Autovettura privata;In marcia / fermata / arresto;Passeggero;F;Illeso;0;;Non accertato;Inesploso
5190208;4;09/12/2020 17:20:00;Strada Urbana;VIA RENATO FUCINI;da specificare;;;;FRONTE CIVICO 242;Veicolo in marcia contro veicolo fermo;Rettilineo;Due carreggiate;Bagnato (pioggia);Asfaltata;Assente;Nuvoloso;Normale;Sufficiente;;0;0;0;3;12.5496;41.9497;-1;2;Autovettura privata;In marcia / fermata / arresto;Conducente;M;Illeso;0;;Non accertato;Inesploso
5190223;4;09/12/2020 18:05:00;Strada Urbana;VIA NOMENTANA;all'intersezione semaforizzata con;VIA MONTE SUBASIO;VIA MONTE SUBASIO;;;Investimento di pedone;Intersezione semaforizzata;Una carreggiata a senso unico di marcia;Bagnato (pioggia);Asfaltata;Verticale ed orizzontale;Pioggia in atto;Intenso;Sufficiente;;1;0;0;1;12.5736;41.959;-1;;;;Pedone;M;Rimandato;0;NON DECEDUTO;;
5190223;4;09/12/2020 18:05:00;Strada Urbana;VIA NOMENTANA;all'intersezione semaforizzata con;VIA MONTE SUBASIO;VIA MONTE SUBASIO;;;Investimento di pedone;Intersezione semaforizzata;Una carreggiata a senso unico di marcia;Bagnato (pioggia);Asfaltata;Verticale ed orizzontale;Pioggia in atto;Intenso;Sufficiente;;1;0;0;1;12.5736;41.959;-1;1;Autovettura privata;In marcia / fermata / arresto;Conducente;M;Illeso;0;;;
5190238;19;09/12/2020 19:50:00;Strada Urbana;VIA DELLA PINETA SACCHETTI;all'intersezione con;VIA DI VILLA MAGGIORANI;VIA DI VILLA MAGGIORANI;;;Scontro frontale/laterale DX fra veicoli in marcia;Intersezione non regolata/non segnalata;Una carreggiata a senso unico di marcia;Asciutto;Asfaltata;Verticale ed orizzontale;Sereno;Normale;Buona;;0;0;0;3;12.4264;41.9315;-1;1;Autovettura privata;In marcia / fermata / arresto;Conducente;M;Illeso;0;;Non accertato;Inesploso
5190238;19;09/12/2020 19:50:00;Strada Urbana;VIA DELLA PINETA SACCHETTI;all'intersezione con;VIA DI VILLA MAGGIORANI;VIA DI VILLA MAGGIORANI;;;Scontro frontale/laterale DX fra veicoli in marcia;Intersezione non regolata/non segnalata;Una carreggiata a senso unico di marcia;Asciutto;Asfaltata;Verticale ed orizzontale;Sereno;Normale;Buona;;0;0;0;3;12.4264;41.9315;-1;1;Autovettura privata;In marcia / fermata / arresto;Passeggero;F;Illeso;0;;Non accertato;Inesploso
5190238;19;09/12/2020 19:50:00;Strada Urbana;VIA DELLA PINETA SACCHETTI;all'intersezione con;VIA DI VILLA MAGGIORANI;VIA DI VILLA MAGGIORANI;;;Scontro frontale/laterale DX fra veicoli in marcia;Intersezione non regolata/non segnalata;Una carreggiata a senso unico di marcia;Asciutto;Asfaltata;Verticale ed orizzontale;Sereno;Normale;Buona;;0;0;0;3;12.4264;41.9315;-1;2;Autovettura privata;In marcia / fermata / arresto;Conducente;F;Illeso;0;;Non accertato;Inesploso
5190267;16;08/12/2020 14:10:00;;VIA ARCANGELO ILVENTO;da specificare;;;;in prossimit� VIA AGNELLI;Veicolo in marcia contro ostacolo fisso;;;;;;;;;;0;0;0;1;;;0;1;Autovettura privata;In marcia / fermata / arresto;Conducente;M;Illeso;0;;;
5190287;16;08/12/2020 17:50:00;Strada Urbana;PIAZZA S. GIOVANNI DI DIO;da specificare;;;;CIV. 10 (fermata tram 80632 dir.P.zza Venezia);Investimento di pedone;Rettilineo;Pi� di due carreggiate;Bagnato (pioggia);Asfaltata;Verticale ed orizzontale;Pioggia in atto;Scarso;Buona;;1;0;0;1;12.4467;41.8744;-1;;;;Pedone;M;Ricoverato;0;NON DECEDUTO;;
5190287;16;08/12/2020 17:50:00;Strada Urbana;PIAZZA S. GIOVANNI DI DIO;da specificare;;;;CIV. 10 (fermata tram 80632 dir.P.zza Venezia);Investimento di pedone;Rettilineo;Pi� di due carreggiate;Bagnato (pioggia);Asfaltata;Verticale ed orizzontale;Pioggia in atto;Scarso;Buona;;1;0;0;1;12.4467;41.8744;-1;1;Vettura tranviaria;In marcia / fermata / arresto;Conducente;M;Illeso;0;;Esente;
5190301;17;08/12/2020 09:45:00;Strada Urbana;LARGO DEGLI ALICORNI;da specificare;;;;all'intersezione con Borgo Santo Spirito;Investimento di pedone;Rettilineo;Una carreggiata a senso unico di marcia;Bagnato (pioggia);Acciotolata;Verticale ed orizzontale;Nuvoloso;Scarso;Buona;;0;0;0;2;12.4583;41.9016;-1;;;;Pedone;M;Illeso;0;;;
5190301;17;08/12/2020 09:45:00;Strada Urbana;LARGO DEGLI ALICORNI;da specificare;;;;all'intersezione con Borgo Santo Spirito;Investimento di pedone;Rettilineo;Una carreggiata a senso unico di marcia;Bagnato (pioggia);Acciotolata;Verticale ed orizzontale;Nuvoloso;Scarso;Buona;;0;0;0;2;12.4583;41.9016;-1;1;Velocipede;In marcia / fermata / arresto;Conducente;M;Illeso;0;;Esente;
5190318;16;08/12/2020 20:10:00;;VIA FRANCESCO CATEL;all'intersezione con;VIA FEDERICO OZANAM;VIA FEDERICO OZANAM;;;Investimento di pedone;;;;;;;;;;1;0;0;2;;;0;;;;Pedone;M;Rimandato;0;NON DECEDUTO;;
5190318;16;08/12/2020 20:10:00;;VIA FRANCESCO CATEL;all'intersezione con;VIA FEDERICO OZANAM;VIA FEDERICO OZANAM;;;Investimento di pedone;;;;;;;;;;1;0;0;2;;;0;1;Autovettura privata;In marcia / fermata / arresto;Conducente;M;Illeso;0;;;
5190318;16;08/12/2020 20:10:00;;VIA FRANCESCO CATEL;all'intersezione con;VIA FEDERICO OZANAM;VIA FEDERICO OZANAM;;;Investimento di pedone;;;;;;;;;;1;0;0;2;;;0;1;Autovettura privata;In marcia / fermata / arresto;Passeggero;M;Illeso;0;;;
5190331;16;09/12/2020 07:35:00;;VIA DI VILLA TROILI;in corrispondenza;;del palo luce n.;28;;Veicolo in marcia contro ostacolo fisso;;;;;;;;;;0;0;0;1;;;0;1;Autovettura privata;In marcia / fermata / arresto;Conducente;F;Illeso;0;;;
5190344;16;09/12/2020 08:00:00;Strada Urbana;VIA ETTORE ROLLI;all'intersezione con;VIA DEGLI ORTI DI CESARE;VIA DEGLI ORTI DI CESARE;;;Scontro frontale fra veicoli in marcia;Intersezione semaforizzata;Pi� di due carreggiate;Bagnato (pioggia);Asfaltata;Verticale ed orizzontale;Nuvoloso;Normale;Buona;;1;0;0;1;12.4676;41.8743;-1;1;Autovettura privata;In marcia / fermata / arresto;Conducente;M;Illeso;0;;Non accertato;Inesploso
5190344;16;09/12/2020 08:00:00;Strada Urbana;VIA ETTORE ROLLI;all'intersezione con;VIA DEGLI ORTI DI CESARE;VIA DEGLI ORTI DI CESARE;;;Scontro frontale fra veicoli in marcia;Intersezione semaforizzata;Pi� di due carreggiate;Bagnato (pioggia);Asfaltata;Verticale ed orizzontale;Nuvoloso;Normale;Buona;;1;0;0;1;12.4676;41.8743;-1;2;Motociclo a solo;In marcia / fermata / arresto;Conducente;M;Rimandato;0;NON DECEDUTO;Non accertato;
5190355;18;09/12/2020 16:10:00;Statale entro l'abitato;VIA AURELIA;da specificare;;;;in prossimit� della km 9+600 dir. Civitavecchia;Tamponamento Multiplo;Rettilineo;Due carreggiate;Bagnato (pioggia);Asfaltata;Verticale ed orizzontale;Pioggia in atto;Intenso;Buona;;0;0;0;3;12.3867;41.886;-1;1;Autovettura privata;In marcia / fermata / arresto;Conducente;F;Illeso;0;;Non accertato;Inesploso
5190355;18;09/12/2020 16:10:00;Statale entro l'abitato;VIA AURELIA;da specificare;;;;in prossimit� della km 9+600 dir. Civitavecchia;Tamponamento Multiplo;Rettilineo;Due carreggiate;Bagnato (pioggia);Asfaltata;Verticale ed orizzontale;Pioggia in atto;Intenso;Buona;;0;0;0;3;12.3867;41.886;-1;2;Autovettura privata;In marcia / fermata / arresto;Conducente;F;Illeso;0;;Non accertato;Inesploso
5190355;18;09/12/2020 16:10:00;Statale entro l'abitato;VIA AURELIA;da specificare;;;;in prossimit� della km 9+600 dir. Civitavecchia;Tamponamento Multiplo;Rettilineo;Due carreggiate;Bagnato (pioggia);Asfaltata;Verticale ed orizzontale;Pioggia in atto;Intenso;Buona;;0;0;0;3;12.3867;41.886;-1;3;Autovettura privata;In marcia / fermata / arresto;Conducente;M;Illeso;0;;Non accertato;Inesploso
5190356;23;04/12/2020 18:30:00;Altra strada;VIALE DELL'OCEANO PACIFICO;in corrispondenza;;del civico n.;83;;Scontro frontale/laterale SX fra veicoli in marcia;Pianeggiante;Una carreggiata a senso unico di marcia;Asciutto;Asfaltata;Orizzontale;Sereno;Scarso;Buona;;0;0;0;3;12.4596;41.8171;-1;1;Autovettura privata;In marcia / fermata / arresto;Conducente;M;Illeso;0;;Non accertato;Inesploso
5190356;23;04/12/2020 18:30:00;Altra strada;VIALE DELL'OCEANO PACIFICO;in corrispondenza;;del civico n.;83;;Scontro frontale/laterale SX fra veicoli in marcia;Pianeggiante;Una carreggiata a senso unico di marcia;Asciutto;Asfaltata;Orizzontale;Sereno;Scarso;Buona;;0;0;0;3;12.4596;41.8171;-1;2;Quadriciclo leggero;In marcia / fermata / arresto;Conducente;F;Illeso;0;;;
5190356;23;04/12/2020 18:30:00;Altra strada;VIALE DELL'OCEANO PACIFICO;in corrispondenza;;del civico n.;83;;Scontro frontale/laterale SX fra veicoli in marcia;Pianeggiante;Una carreggiata a senso unico di marcia;Asciutto;Asfaltata;Orizzontale;Sereno;Scarso;Buona;;0;0;0;3;12.4596;41.8171;-1;2;Quadriciclo leggero;In marcia / fermata / arresto;Passeggero;F;Illeso;0;;Non accertato;
5190357;17;09/12/2020 12:00:00;Strada Urbana;VIA CIPRO;all'intersezione semaforizzata con;VIA MARCANTONIO BRAGADIN;VIA MARCANTONIO BRAGADIN;;;Scontro frontale/laterale DX fra veicoli in marcia;Intersezione semaforizzata;Due carreggiate;Bagnato (pioggia);Asfaltata;Verticale ed orizzontale;Nuvoloso;Normale;Buona;;1;0;0;1;12.4466;41.9071;-1;1;Autovettura privata;In marcia / fermata / arresto;Conducente;M;Illeso;0;;;
5190357;17;09/12/2020 12:00:00;Strada Urbana;VIA CIPRO;all'intersezione semaforizzata con;VIA MARCANTONIO BRAGADIN;VIA MARCANTONIO BRAGADIN;;;Scontro frontale/laterale DX fra veicoli in marcia;Intersezione semaforizzata;Due carreggiate;Bagnato (pioggia);Asfaltata;Verticale ed orizzontale;Nuvoloso;Normale;Buona;;1;0;0;1;12.4466;41.9071;-1;2;Autovettura privata;In marcia / fermata / arresto;Conducente;F;Rimandato;0;NON DECEDUTO;;
5190357;17;09/12/2020 12:00:00;Strada Urbana;VIA CIPRO;all'intersezione semaforizzata con;VIA MARCANTONIO BRAGADIN;VIA MARCANTONIO BRAGADIN;;;Scontro frontale/laterale DX fra veicoli in marcia;Intersezione semaforizzata;Due carreggiate;Bagnato (pioggia);Asfaltata;Verticale ed orizzontale;Nuvoloso;Normale;Buona;;1;0;0;1;12.4466;41.9071;-1;3;Autovettura privata;Sosta;;;;;;;
5190366;23;09/12/2020 11:15:00;Strada Urbana;PIAZZETTA DEL BEL RESPIRO;all'intersezione semaforizzata con;VIA LEONE XIII;VIA LEONE XIII;;;Tamponamento Multiplo;Intersezione semaforizzata;Due carreggiate;Bagnato (pioggia);Asfaltata;Verticale ed orizzontale;Pioggia in atto;Normale;Buona;;0;0;0;4;12.4411;41.88;0;1;Autovettura di polizia;In marcia / fermata / arresto;Conducente;M;Illeso;0;;Utilizzato;Inesploso
5190366;23;09/12/2020 11:15:00;Strada Urbana;PIAZZETTA DEL BEL RESPIRO;all'intersezione semaforizzata con;VIA LEONE XIII;VIA LEONE XIII;;;Tamponamento Multiplo;Intersezione semaforizzata;Due carreggiate;Bagnato (pioggia);Asfaltata;Verticale ed orizzontale;Pioggia in atto;Normale;Buona;;0;0;0;4;12.4411;41.88;0;1;Autovettura di polizia;In marcia / fermata / arresto;Passeggero;M;Illeso;0;;Utilizzato;Inesploso
5190366;23;09/12/2020 11:15:00;Strada Urbana;PIAZZETTA DEL BEL RESPIRO;all'intersezione semaforizzata con;VIA LEONE XIII;VIA LEONE XIII;;;Tamponamento Multiplo;Intersezione semaforizzata;Due carreggiate;Bagnato (pioggia);Asfaltata;Verticale ed orizzontale;Pioggia in atto;Normale;Buona;;0;0;0;4;12.4411;41.88;0;1;Autovettura di polizia;In marcia / fermata / arresto;Passeggero;M;Illeso;0;;Utilizzato;Inesistente
5190366;23;09/12/2020 11:15:00;Strada Urbana;PIAZZETTA DEL BEL RESPIRO;all'intersezione semaforizzata con;VIA LEONE XIII;VIA LEONE XIII;;;Tamponamento Multiplo;Intersezione semaforizzata;Due carreggiate;Bagnato (pioggia);Asfaltata;Verticale ed orizzontale;Pioggia in atto;Normale;Buona;;0;0;0;4;12.4411;41.88;0;2;Autovettura privata;In marcia / fermata / arresto;Conducente;M;Illeso;0;;Utilizzato;Inesploso
5190366;23;09/12/2020 11:15:00;Strada Urbana;PIAZZETTA DEL BEL RESPIRO;all'intersezione semaforizzata con;VIA LEONE XIII;VIA LEONE XIII;;;Tamponamento Multiplo;Intersezione semaforizzata;Due carreggiate;Bagnato (pioggia);Asfaltata;Verticale ed orizzontale;Pioggia in atto;Normale;Buona;;0;0;0;4;12.4411;41.88;0;3;Autovettura privata;Allontanatosi;;;;;;;
5190384;2;09/12/2020 18:30:00;Strada Urbana;CORSO TRIESTE;all'intersezione con;VIALE GORIZIA;VIALE GORIZIA;;;Scontro frontale/laterale DX fra veicoli in marcia;Intersezione stradale segnalata;Due carreggiate;Bagnato (pioggia);Asfaltata;Verticale ed orizzontale;Pioggia in atto;Intenso;Buona;;1;0;0;1;12.5094;41.9204;-1;1;Autovettura privata;In marcia / fermata / arresto;Conducente;M;Illeso;0;;Non accertato;Inesploso
5190384;2;09/12/2020 18:30:00;Strada Urbana;CORSO TRIESTE;all'intersezione con;VIALE GORIZIA;VIALE GORIZIA;;;Scontro frontale/laterale DX fra veicoli in marcia;Intersezione stradale segnalata;Due carreggiate;Bagnato (pioggia);Asfaltata;Verticale ed orizzontale;Pioggia in atto;Intenso;Buona;;1;0;0;1;12.5094;41.9204;-1;2;Ciclomotore;In marcia / fermata / arresto;Conducente;M;Rimandato;0;NON DECEDUTO;;
5190399;12;09/12/2020 18:00:00;Strada Urbana;VIA CRISTOFORO COLOMBO;in prossimit�;;della chilometrica;15.3;;Veicolo in marcia contro ostacolo fisso;Curva a visuale libera;Due carreggiate;Bagnato (pioggia);Asfaltata;Verticale ed orizzontale;Nuvoloso;Normale;Insufficiente;;0;0;0;1;12.4543;41.7984;-1;1;Autovettura privata;In marcia / fermata / arresto;Conducente;M;Illeso;0;;;
5190401;2;09/12/2020 11:00:00;Strada Urbana;CIRCONVALLAZIONE NOMENTANA;da specificare;;;;dir Stadio prox uscita VIA DELLE VALLI;Tamponamento Multiplo;Rettilineo;Due carreggiate;Asciutto;Asfaltata;Verticale ed orizzontale;Sereno;Intenso;Buona;;0;0;0;3;12.527;41.9196;-1;1;Autovettura privata;In marcia / fermata / arresto;Conducente;M;Illeso;0;;Non accertato;Inesploso
5190401;2;09/12/2020 11:00:00;Strada Urbana;CIRCONVALLAZIONE NOMENTANA;da specificare;;;;dir Stadio prox uscita VIA DELLE VALLI;Tamponamento Multiplo;Rettilineo;Due carreggiate;Asciutto;Asfaltata;Verticale ed orizzontale;Sereno;Intenso;Buona;;0;0;0;3;12.527;41.9196;-1;2;Autovettura privata;In marcia / fermata / arresto;Conducente;M;Illeso;0;;Non accertato;Inesploso
5190401;2;09/12/2020 11:00:00;Strada Urbana;CIRCONVALLAZIONE NOMENTANA;da specificare;;;;dir Stadio prox uscita VIA DELLE VALLI;Tamponamento Multiplo;Rettilineo;Due carreggiate;Asciutto;Asfaltata;Verticale ed orizzontale;Sereno;Intenso;Buona;;0;0;0;3;12.527;41.9196;-1;3;Autovettura privata;In marcia / fermata / arresto;Conducente;F;Illeso;0;;Non accertato;Inesploso
5190411;2;09/12/2020 09:00:00;Strada Urbana;VIA MAGLIANO SABINA;in prossimit�;;del civico n.;FR. 68;;Investimento di pedone;Curva a visuale libera;Due carreggiate;Bagnato (pioggia);Asfaltata;Verticale ed orizzontale;Sereno;Normale;Buona;;2;0;0;0;12.5123;41.9337;-1;;;;Pedone;F;Rimandato;0;NON DECEDUTO;;
5190411;2;09/12/2020 09:00:00;Strada Urbana;VIA MAGLIANO SABINA;in prossimit�;;del civico n.;FR. 68;;Investimento di pedone;Curva a visuale libera;Due carreggiate;Bagnato (pioggia);Asfaltata;Verticale ed orizzontale;Sereno;Normale;Buona;;2;0;0;0;12.5123;41.9337;-1;1;Motociclo a solo;In marcia / fermata / arresto;Conducente;M;Rimandato;0;NON DECEDUTO;Non accertato;
5190413;2;09/12/2020 08:00:00;Strada Urbana;VIA DEL FORO ITALICO;da specificare;;;;dir. stadio alt. prati fiscali;Tamponamento Multiplo;Rettilineo;Due carreggiate;Bagnato (pioggia);Asfaltata;Verticale ed orizzontale;Sereno;Normale;Buona;;0;0;0;7;12.4828;41.94;-1;1;Autovettura privata;In marcia / fermata / arresto;Conducente;M;Illeso;0;;Non accertato;Inesploso
5190413;2;09/12/2020 08:00:00;Strada Urbana;VIA DEL FORO ITALICO;da specificare;;;;dir. stadio alt. prati fiscali;Tamponamento Multiplo;Rettilineo;Due carreggiate;Bagnato (pioggia);Asfaltata;Verticale ed orizzontale;Sereno;Normale;Buona;;0;0;0;7;12.4828;41.94;-1;1;Autovettura privata;In marcia / fermata / arresto;Passeggero;F;Illeso;0;;Non accertato;Inesploso
5190413;2;09/12/2020 08:00:00;Strada Urbana;VIA DEL FORO ITALICO;da specificare;;;;dir. stadio alt. prati fiscali;Tamponamento Multiplo;Rettilineo;Due carreggiate;Bagnato (pioggia);Asfaltata;Verticale ed orizzontale;Sereno;Normale;Buona;;0;0;0;7;12.4828;41.94;-1;1;Autovettura privata;In marcia / fermata / arresto;Passeggero;F;Illeso;0;;Non accertato;Inesploso
5190413;2;09/12/2020 08:00:00;Strada Urbana;VIA DEL FORO ITALICO;da specificare;;;;dir. stadio alt. prati fiscali;Tamponamento Multiplo;Rettilineo;Due carreggiate;Bagnato (pioggia);Asfaltata;Verticale ed orizzontale;Sereno;Normale;Buona;;0;0;0;7;12.4828;41.94;-1;2;Autovettura privata;In marcia / fermata / arresto;Conducente;M;Illeso;0;;Non accertato;Inesploso
5190413;2;09/12/2020 08:00:00;Strada Urbana;VIA DEL FORO ITALICO;da specificare;;;;dir. stadio alt. prati fiscali;Tamponamento Multiplo;Rettilineo;Due carreggiate;Bagnato (pioggia);Asfaltata;Verticale ed orizzontale;Sereno;Normale;Buona;;0;0;0;7;12.4828;41.94;-1;2;Autovettura privata;In marcia / fermata / arresto;Passeggero;M;Illeso;0;;Non accertato;Inesploso
5190413;2;09/12/2020 08:00:00;Strada Urbana;VIA DEL FORO ITALICO;da specificare;;;;dir. stadio alt. prati fiscali;Tamponamento Multiplo;Rettilineo;Due carreggiate;Bagnato (pioggia);Asfaltata;Verticale ed orizzontale;Sereno;Normale;Buona;;0;0;0;7;12.4828;41.94;-1;3;Autovettura privata;In marcia / fermata / arresto;Conducente;M;Illeso;0;;Non accertato;Inesploso
5190413;2;09/12/2020 08:00:00;Strada Urbana;VIA DEL FORO ITALICO;da specificare;;;;dir. stadio alt. prati fiscali;Tamponamento Multiplo;Rettilineo;Due carreggiate;Bagnato (pioggia);Asfaltata;Verticale ed orizzontale;Sereno;Normale;Buona;;0;0;0;7;12.4828;41.94;-1;3;Autovettura privata;In marcia / fermata / arresto;Passeggero;F;Illeso;0;;Non accertato;Inesploso
5190416;2;09/12/2020 15:30:00;Strada Urbana;VIA LUISA DI SAVOIA;in prossimit�;;del civico n.;4A;;Veicolo in marcia contro veicolo arresto;Rettilineo;Due carreggiate;Bagnato (pioggia);Asfaltata;Verticale ed orizzontale;Pioggia in atto;Intenso;Buona;;1;0;0;2;12.4747;41.9115;-1;1;Autovettura privata;In marcia / fermata / arresto;Conducente;M;Illeso;0;;Non accertato;Inesploso
5190416;2;09/12/2020 15:30:00;Strada Urbana;VIA LUISA DI SAVOIA;in prossimit�;;del civico n.;4A;;Veicolo in marcia contro veicolo arresto;Rettilineo;Due carreggiate;Bagnato (pioggia);Asfaltata;Verticale ed orizzontale;Pioggia in atto;Intenso;Buona;;1;0;0;2;12.4747;41.9115;-1;1;Autovettura privata;In marcia / fermata / arresto;Passeggero;M;Rimandato;0;NON DECEDUTO;Non accertato;Inesploso
5190416;2;09/12/2020 15:30:00;Strada Urbana;VIA LUISA DI SAVOIA;in prossimit�;;del civico n.;4A;;Veicolo in marcia contro veicolo arresto;Rettilineo;Due carreggiate;Bagnato (pioggia);Asfaltata;Verticale ed orizzontale;Pioggia in atto;Intenso;Buona;;1;0;0;2;12.4747;41.9115;-1;2;Autovettura privata;In marcia / fermata / arresto;Conducente;M;Illeso;0;;Non accertato;Inesploso
5190419;2;09/12/2020 17:05:00;Strada Urbana;VIALE DELLE BELLE ARTI;in prossimit�;;del civico n.;6;;Investimento di pedone;Rettilineo;Una carreggiata a doppio senso;Bagnato (pioggia);Asfaltata;Verticale ed orizzontale;Pioggia in atto;Normale;Insufficiente;;1;0;0;1;12.4739;41.9188;-1;;;;Pedone;M;Rimandato;0;NON DECEDUTO;;
5190419;2;09/12/2020 17:05:00;Strada Urbana;VIALE DELLE BELLE ARTI;in prossimit�;;del civico n.;6;;Investimento di pedone;Rettilineo;Una carreggiata a doppio senso;Bagnato (pioggia);Asfaltata;Verticale ed orizzontale;Pioggia in atto;Normale;Insufficiente;;1;0;0;1;12.4739;41.9188;-1;1;Motociclo a solo;In marcia / fermata / arresto;Conducente;M;Illeso;0;;Non accertato;
5190424;16;09/12/2020 09:20:00;Strada Urbana;VIA LEONE XIII;in prossimit�;;del civico n.;75;;Scontro laterale fra veicoli in marcia;Rettilineo;Due carreggiate;Bagnato (pioggia);Asfaltata;Verticale ed orizzontale;Nuvoloso;Normale;Sufficiente;;0;0;0;2;12.4404;41.8879;-1;1;Autovettura privata;In marcia / fermata / arresto;Conducente;F;Illeso;0;;Non accertato;Inesploso
5190424;16;09/12/2020 09:20:00;Strada Urbana;VIA LEONE XIII;in prossimit�;;del civico n.;75;;Scontro laterale fra veicoli in marcia;Rettilineo;Due carreggiate;Bagnato (pioggia);Asfaltata;Verticale ed orizzontale;Nuvoloso;Normale;Sufficiente;;0;0;0;2;12.4404;41.8879;-1;2;Autobus di linea;In marcia / fermata / arresto;Conducente;M;Illeso;0;;Non accertato;Inesploso
5190445;18;10/12/2020 08:00:00;Statale entro l'abitato;VIA AURELIA;in corrispondenza;;del civico n.;1001;;Ribaltamento senza urto contro ostacolo fisso;Rettilineo;Due carreggiate;Bagnato (pioggia);Asfaltata;Verticale ed orizzontale;Pioggia in atto;Normale;Buona;;1;0;0;2;12.3846;41.8858;-1;1;Motociclo a solo;In marcia / fermata / arresto;Conducente;M;Rimandato;0;NON DECEDUTO;Non accertato;
5190445;18;10/12/2020 08:00:00;Statale entro l'abitato;VIA AURELIA;in corrispondenza;;del civico n.;1001;;Ribaltamento senza urto contro ostacolo fisso;Rettilineo;Due carreggiate;Bagnato (pioggia);Asfaltata;Verticale ed orizzontale;Pioggia in atto;Normale;Buona;;1;0;0;2;12.3846;41.8858;-1;2;Autocarro inferiore 35 q.;In marcia / fermata / arresto;Conducente;M;Illeso;0;;Non accertato;Inesploso
5190445;18;10/12/2020 08:00:00;Statale entro l'abitato;VIA AURELIA;in corrispondenza;;del civico n.;1001;;Ribaltamento senza urto contro ostacolo fisso;Rettilineo;Due carreggiate;Bagnato (pioggia);Asfaltata;Verticale ed orizzontale;Pioggia in atto;Normale;Buona;;1;0;0;2;12.3846;41.8858;-1;2;Autocarro inferiore 35 q.;In marcia / fermata / arresto;Passeggero;M;Illeso;0;;Non accertato;Inesploso