Protocollo;Gruppo;DataOraIncidente;Localizzazione1;STRADA1;Localizzazione2;STRADA2;Strada02;Chilometrica;DaSpecificare;NaturaIncidente;particolaritastrade;TipoStrada;FondoStradale;Pavimentazione;Segnaletica;CondizioneAtmosferica;Traffico;Visibilita;Illuminazione;NUM_FERITI;NUM_RISERVATA;NUM_MORTI;NUM_ILLESI;Longitudine;Latitudine;Confermato;Progressivo;TipoVeicolo;StatoVeicolo;TipoPersona;Sesso;Tipolesione;Deceduto;DecedutoDopo;CinturaCascoUtilizzato;Airbag;
5198827;12;15/12/2020 18:30:00;Strada Urbana;VIALE BEETHOVEN;all'intersezione con;PIAZZALE ASIA;PIAZZALE ASIA;;;Scontro laterale fra veicoli in marcia;Incrocio;Una carreggiata a doppio senso;Asciutto;Asfaltata;Verticale ed orizzontale;Sereno;Normale;Buona;;2;0;0;1;12.4669;41.8333;-1;2;Ciclomotore con passeggero;In marcia / fermata / arresto;Conducente;M;Rimandato;0;NON DECEDUTO;Non accertato;
5198827;12;15/12/2020 18:30:00;Strada Urbana;VIALE BEETHOVEN;all'intersezione con;PIAZZALE ASIA;PIAZZALE ASIA;;;Scontro laterale fra veicoli in marcia;Incrocio;Una carreggiata a doppio senso;Asciutto;Asfaltata;Verticale ed orizzontale;Sereno;Normale;Buona;;2;0;0;1;12.4669;41.8333;-1;2;Ciclomotore con passeggero;In marcia / fermata / arresto;Passeggero;F;Rimandato;0;NON DECEDUTO;Non accertato;
5198829;8;15/12/2020 08:30:00;Strada Urbana;VIA ANGIOLO CASSIOLI;in prossimit�;;del palo luce n.;12;;Veicolo in marcia contro veicoli in sosta;Curva a visuale libera;Una carreggiata a doppio senso;Asciutto;Asfaltata;Assente;Sereno;Scarso;Buona;;1;0;0;0;12.5799;41.8695;-1;1;Autovettura privata;In marcia / fermata / arresto;Conducente;F;Rimandato;0;NON DECEDUTO;Non accertato;Inesploso
5198829;8;15/12/2020 08:30:00;Strada Urbana;VIA ANGIOLO CASSIOLI;in prossimit�;;del palo luce n.;12;;Veicolo in marcia contro veicoli in sosta;Curva a visuale libera;Una carreggiata a doppio senso;Asciutto;Asfaltata;Assente;Sereno;Scarso;Buona;;1;0;0;0;12.5799;41.8695;-1;2;Autovettura privata;Sosta;;;;;;;
5198829;8;15/12/2020 08:30:00;Strada Urbana;VIA ANGIOLO CASSIOLI;in prossimit�;;del palo luce n.;12;;Veicolo in marcia contro veicoli in sosta;Curva a visuale libera;Una carreggiata a doppio senso;Asciutto;Asfaltata;Assente;Sereno;Scarso;Buona;;1;0;0;0;12.5799;41.8695;-1;3;Autovettura privata;Sosta;;;;;;;
5198829;8;15/12/2020 08:30:00;Strada Urbana;VIA ANGIOLO CASSIOLI;in prossimit�;;del palo luce n.;12;;Veicolo in marcia contro veicoli in sosta;Curva a visuale libera;Una carreggiata a doppio senso;Asciutto;Asfaltata;Assente;Sereno;Scarso;Buona;;1;0;0;0;12.5799;41.8695;-1;4;Autovettura privata;Sosta;;;;;;;
5198832;8;15/12/2020 15:20:00;Strada Urbana;VIA DELL'ARCHEOLOGIA;all'intersezione con;VIA GIOVANNI CASTANO;VIA GIOVANNI CASTANO;;;Scontro laterale fra veicoli in marcia;Intersezione stradale segnalata;Una carreggiata a doppio senso;Asciutto;Asfaltata;Verticale ed orizzontale;Sereno;Normale;Buona;;0;0;0;2;12.6254;41.881;-1;1;Autovettura privata;In marcia / fermata / arresto;Conducente;F;Illeso;0;;Non accertato;Inesploso
5198832;8;15/12/2020 15:20:00;Strada Urbana;VIA DELL'ARCHEOLOGIA;all'intersezione con;VIA GIOVANNI CASTANO;VIA GIOVANNI CASTANO;;;Scontro laterale fra veicoli in marcia;Intersezione stradale segnalata;Una carreggiata a doppio senso;Asciutto;Asfaltata;Verticale ed orizzontale;Sereno;Normale;Buona;;0;0;0;2;12.6254;41.881;-1;2;Autovettura privata;In marcia / fermata / arresto;Conducente;M;Illeso;0;;Non accertato;Inesploso
5198833;8;15/12/2020 17:00:00;Strada Urbana;PIAZZA SANTA MARIA JOSEFA DEL CUORE DI GESU;da specificare;;;;fronte chiesa;Scontro laterale fra veicoli in marcia;Rettilineo;Una carreggiata a senso unico di marcia;Asciutto;Asfaltata;Verticale ed orizzontale;Sereno;Normale;Buona;;0;0;0;3;12.6767;41.8984;-1;1;Autovettura privata;In marcia / fermata / arresto;Conducente;F;Illeso;0;;Non accertato;Inesploso
5198833;8;15/12/2020 17:00:00;Strada Urbana;PIAZZA SANTA MARIA JOSEFA DEL CUORE DI GESU;da specificare;;;;fronte chiesa;Scontro laterale fra veicoli in marcia;Rettilineo;Una carreggiata a senso unico di marcia;Asciutto;Asfaltata;Verticale ed orizzontale;Sereno;Normale;Buona;;0;0;0;3;12.6767;41.8984;-1;1;Autovettura privata;In marcia / fermata / arresto;Passeggero;M;Illeso;0;;Non accertato;Inesploso
5198833;8;15/12/2020 17:00:00;Strada Urbana;PIAZZA SANTA MARIA JOSEFA DEL CUORE DI GESU;da specificare;;;;fronte chiesa;Scontro laterale fra veicoli in marcia;Rettilineo;Una carreggiata a senso unico di marcia;Asciutto;Asfaltata;Verticale ed orizzontale;Sereno;Normale;Buona;;0;0;0;3;12.6767;41.8984;-1;2;Autovettura privata;In marcia / fermata / arresto;Conducente;F;Illeso;0;;Non accertato;Inesploso
5198837;8;15/12/2020 17:45:00;Strada Urbana;VIA DI VERMICINO;all'intersezione con;VIA MISILMERI;VIA MISILMERI;;;Veicolo in marcia contro veicoli in sosta;Intersezione non regolata/non segnalata;Una carreggiata a doppio senso;Asciutto;Asfaltata;Assente;Sereno;Scarso;Buona;;0;0;0;1;12.661;41.8422;-1;1;Autovettura privata;In marcia / fermata / arresto;Conducente;F;Illeso;0;;Non accertato;Inesploso
5198837;8;15/12/2020 17:45:00;Strada Urbana;VIA DI VERMICINO;all'intersezione con;VIA MISILMERI;VIA MISILMERI;;;Veicolo in marcia contro veicoli in sosta;Intersezione non regolata/non segnalata;Una carreggiata a doppio senso;Asciutto;Asfaltata;Assente;Sereno;Scarso;Buona;;0;0;0;1;12.661;41.8422;-1;2;Autovettura privata;Allontanatosi;;;;;;;
5198841;8;15/12/2020 14:20:00;Strada Urbana;VIA DI ROCCA CENCIA;da specificare;;;;in prossimit� del distributore FUEL DISCOUNT;Tamponamento Multiplo;Rettilineo;Una carreggiata a doppio senso;Asciutto;Asfaltata;Orizzontale;Sereno;Intenso;Buona;;4;0;0;0;12.6919;41.8758;-1;1;Autovettura privata;In marcia / fermata / arresto;Conducente;M;Rifiuta cure immediate;0;NON DECEDUTO;Non accertato;
5198841;8;15/12/2020 14:20:00;Strada Urbana;VIA DI ROCCA CENCIA;da specificare;;;;in prossimit� del distributore FUEL DISCOUNT;Tamponamento Multiplo;Rettilineo;Una carreggiata a doppio senso;Asciutto;Asfaltata;Orizzontale;Sereno;Intenso;Buona;;4;0;0;0;12.6919;41.8758;-1;2;Autovettura privata;In marcia / fermata / arresto;Conducente;M;Rifiuta cure immediate;0;NON DECEDUTO;Non accertato;
5198841;8;15/12/2020 14:20:00;Strada Urbana;VIA DI ROCCA CENCIA;da specificare;;;;in prossimit� del distributore FUEL DISCOUNT;Tamponamento Multiplo;Rettilineo;Una carreggiata a doppio senso;Asciutto;Asfaltata;Orizzontale;Sereno;Intenso;Buona;;4;0;0;0;12.6919;41.8758;-1;2;Autovettura privata;In marcia / fermata / arresto;Passeggero;M;Ricoverato;0;NON DECEDUTO;Non accertato;Inesploso
5198841;8;15/12/2020 14:20:00;Strada Urbana;VIA DI ROCCA CENCIA;da specificare;;;;in prossimit� del distributore FUEL DISCOUNT;Tamponamento Multiplo;Rettilineo;Una carreggiata a doppio senso;Asciutto;Asfaltata;Orizzontale;Sereno;Intenso;Buona;;4;0;0;0;12.6919;41.8758;-1;3;Autovettura privata;In marcia / fermata / arresto;Conducente;M;Ricoverato;0;NON DECEDUTO;Non accertato;
5198842;9;15/12/2020 20:50:00;Strada Urbana;VIA DELLE CAVE;all'intersezione con;VIA ROCCA PRIORA;VIA ROCCA PRIORA;;;Scontro frontale/laterale SX fra veicoli in marcia;Intersezione semaforizzata;Una carreggiata a senso unico di marcia;Asciutto;Asfaltata;Verticale ed orizzontale;Nuvoloso;Normale;Sufficiente;;0;0;0;2;12.5304;41.8717;-1;1;Autovettura privata;In marcia / fermata / arresto;Conducente;M;Illeso;0;;Non accertato;Inesploso
5198842;9;15/12/2020 20:50:00;Strada Urbana;VIA DELLE CAVE;all'intersezione con;VIA ROCCA PRIORA;VIA ROCCA PRIORA;;;Scontro frontale/laterale SX fra veicoli in marcia;Intersezione semaforizzata;Una carreggiata a senso unico di marcia;Asciutto;Asfaltata;Verticale ed orizzontale;Nuvoloso;Normale;Sufficiente;;0;0;0;2;12.5304;41.8717;-1;2;Autovettura privata;In marcia / fermata / arresto;Conducente;F;Illeso;0;;Non accertato;Inesploso
5198843;8;15/12/2020 19:05:00;Strada Urbana;VIA AMBROGIO NECCHI;all'intersezione con;VIA ERNESTO BREDA;VIA ERNESTO BREDA;;;Scontro frontale/laterale DX fra veicoli in marcia;Incrocio;Una carreggiata a doppio senso;Asciutto;Asfaltata;Verticale ed orizzontale;Sereno;Scarso;Sufficiente;;0;0;0;2;12.6437;41.862;-1;1;Autovettura privata;In marcia / fermata / arresto;Conducente;M;Illeso;0;;;
5198843;8;15/12/2020 19:05:00;Strada Urbana;VIA AMBROGIO NECCHI;all'intersezione con;VIA ERNESTO BREDA;VIA ERNESTO BREDA;;;Scontro frontale/laterale DX fra veicoli in marcia;Incrocio;Una carreggiata a doppio senso;Asciutto;Asfaltata;Verticale ed orizzontale;Sereno;Scarso;Sufficiente;;0;0;0;2;12.6437;41.862;-1;2;Autovettura privata;In marcia / fermata / arresto;Conducente;F;Illeso;0;;;
5198863;15;15/12/2020 13:30:00;Strada Urbana;VIA AVENZA;all'intersezione con;VIA DELLA MAGLIANA;VIA DELLA MAGLIANA;;;Scontro frontale/laterale SX fra veicoli in marcia;Intersezione stradale segnalata;Una carreggiata a doppio senso;Asciutto;Asfaltata;Verticale ed orizzontale;Sereno;Normale;Buona;;0;0;0;4;12.4392;41.8333;-1;1;Autovettura privata;In marcia / fermata / arresto;Conducente;F;Illeso;0;;Non accertato;Inesploso
5198863;15;15/12/2020 13:30:00;Strada Urbana;VIA AVENZA;all'intersezione con;VIA DELLA MAGLIANA;VIA DELLA MAGLIANA;;;Scontro frontale/laterale SX fra veicoli in marcia;Intersezione stradale segnalata;Una carreggiata a doppio senso;Asciutto;Asfaltata;Verticale ed orizzontale;Sereno;Normale;Buona;;0;0;0;4;12.4392;41.8333;-1;2;Autovettura privata;In marcia / fermata / arresto;Conducente;M;Illeso;0;;Non accertato;Inesploso
5198863;15;15/12/2020 13:30:00;Strada Urbana;VIA AVENZA;all'intersezione con;VIA DELLA MAGLIANA;VIA DELLA MAGLIANA;;;Scontro frontale/laterale SX fra veicoli in marcia;Intersezione stradale segnalata;Una carreggiata a doppio senso;Asciutto;Asfaltata;Verticale ed orizzontale;Sereno;Normale;Buona;;0;0;0;4;12.4392;41.8333;-1;2;Autovettura privata;In marcia / fermata / arresto;Passeggero;F;Illeso;0;;Non accertato;Inesploso
5198863;15;15/12/2020 13:30:00;Strada Urbana;VIA AVENZA;all'intersezione con;VIA DELLA MAGLIANA;VIA DELLA MAGLIANA;;;Scontro frontale/laterale SX fra veicoli in marcia;Intersezione stradale segnalata;Una carreggiata a doppio senso;Asciutto;Asfaltata;Verticale ed orizzontale;Sereno;Normale;Buona;;0;0;0;4;12.4392;41.8333;-1;2;Autovettura privata;In marcia / fermata / arresto;Passeggero;F;Illeso;0;;Non accertato;Inesploso
5198865;11;15/12/2020 17:00:00;Strada Urbana;VIA TEMISTOCLE CALZECCHI ONESTI;all'intersezione semaforizzata con;VIA TULLIO LEVI CIVITA;VIA TULLIO LEVI CIVITA;;;Scontro laterale fra veicoli in marcia;Intersezione semaforizzata;Due carreggiate;Asciutto;Asfaltata;Verticale ed orizzontale;Sereno;Normale;Buona;;0;0;0;4;12.4739;41.857;-1;1;Autovettura privata;In marcia / fermata / arresto;Conducente;F;Illeso;0;;;
5198865;11;15/12/2020 17:00:00;Strada Urbana;VIA TEMISTOCLE CALZECCHI ONESTI;all'intersezione semaforizzata con;VIA TULLIO LEVI CIVITA;VIA TULLIO LEVI CIVITA;;;Scontro laterale fra veicoli in marcia;Intersezione semaforizzata;Due carreggiate;Asciutto;Asfaltata;Verticale ed orizzontale;Sereno;Normale;Buona;;0;0;0;4;12.4739;41.857;-1;2;Autovettura privata;In marcia / fermata / arresto;Conducente;M;Illeso;0;;;
5198865;11;15/12/2020 17:00:00;Strada Urbana;VIA TEMISTOCLE CALZECCHI ONESTI;all'intersezione semaforizzata con;VIA TULLIO LEVI CIVITA;VIA TULLIO LEVI CIVITA;;;Scontro laterale fra veicoli in marcia;Intersezione semaforizzata;Due carreggiate;Asciutto;Asfaltata;Verticale ed orizzontale;Sereno;Normale;Buona;;0;0;0;4;12.4739;41.857;-1;2;Autovettura privata;In marcia / fermata / arresto;Passeggero;F;Illeso;0;;;
5198865;11;15/12/2020 17:00:00;Strada Urbana;VIA TEMISTOCLE CALZECCHI ONESTI;all'intersezione semaforizzata con;VIA TULLIO LEVI CIVITA;VIA TULLIO LEVI CIVITA;;;Scontro laterale fra veicoli in marcia;Intersezione semaforizzata;Due carreggiate;Asciutto;Asfaltata;Verticale ed orizzontale;Sereno;Normale;Buona;;0;0;0;4;12.4739;41.857;-1;2;Autovettura privata;In marcia / fermata / arresto;Passeggero;M;Illeso;0;;;
5198866;19;15/12/2020 18:50:00;Strada Urbana;LARGO DAMIANO CHIESA;all'intersezione con;VIA UGO DE CAROLIS;VIA UGO DE CAROLIS;;;Scontro laterale fra veicoli in marcia;Intersezione semaforizzata;Una carreggiata a doppio senso;Asciutto;Asfaltata;Verticale ed orizzontale;Sereno;Normale;Buona;;0;0;0;3;12.4356;41.9195;-1;1;Autovettura privata;In marcia / fermata / arresto;Conducente;M;Illeso;0;;;
5198866;19;15/12/2020 18:50:00;Strada Urbana;LARGO DAMIANO CHIESA;all'intersezione con;VIA UGO DE CAROLIS;VIA UGO DE CAROLIS;;;Scontro laterale fra veicoli in marcia;Intersezione semaforizzata;Una carreggiata a doppio senso;Asciutto;Asfaltata;Verticale ed orizzontale;Sereno;Normale;Buona;;0;0;0;3;12.4356;41.9195;-1;1;Autovettura privata;In marcia / fermata / arresto;Passeggero;F;Illeso;0;;;
5198866;19;15/12/2020 18:50:00;Strada Urbana;LARGO DAMIANO CHIESA;all'intersezione con;VIA UGO DE CAROLIS;VIA UGO DE CAROLIS;;;Scontro laterale fra veicoli in marcia;Intersezione semaforizzata;Una carreggiata a doppio senso;Asciutto;Asfaltata;Verticale ed orizzontale;Sereno;Normale;Buona;;0;0;0;3;12.4356;41.9195;-1;2;Autovettura privata;In marcia / fermata / arresto;Conducente;M;Illeso;0;;;
5198879;19;15/12/2020 20:00:00;Strada Urbana;VIA TRIONFALE;da specificare;;;;fronte civ. 7585;Veicolo in marcia contro ostacolo fisso;Curva a visuale libera;Due carreggiate;Asciutto;Asfaltata;Orizzontale;Sereno;Scarso;Sufficiente;;1;0;0;2;12.4229;41.9409;-1;1;Motociclo a solo;In marcia / fermata / arresto;Conducente;M;Rifiuta cure immediate;0;NON DECEDUTO;Non accertato;
5198879;19;15/12/2020 20:00:00;Strada Urbana;VIA TRIONFALE;da specificare;;;;fronte civ. 7585;Veicolo in marcia contro ostacolo fisso;Curva a visuale libera;Due carreggiate;Asciutto;Asfaltata;Orizzontale;Sereno;Scarso;Sufficiente;;1;0;0;2;12.4229;41.9409;-1;2;Autovettura privata;In marcia / fermata / arresto;Conducente;F;Illeso;0;;Non accertato;Inesploso
5198879;19;15/12/2020 20:00:00;Strada Urbana;VIA TRIONFALE;da specificare;;;;fronte civ. 7585;Veicolo in marcia contro ostacolo fisso;Curva a visuale libera;Due carreggiate;Asciutto;Asfaltata;Orizzontale;Sereno;Scarso;Sufficiente;;1;0;0;2;12.4229;41.9409;-1;2;Autovettura privata;In marcia / fermata / arresto;Passeggero;M;Illeso;0;;Non accertato;Inesploso
5198896;19;15/12/2020 18:35:00;Strada Urbana;VIALE MONFORTANI;in prossimit�;;del civico n.;8;;Tamponamento;Rettilineo;Una carreggiata a senso unico di marcia;Asciutto;Asfaltata;Verticale ed orizzontale;Sereno;Normale;Buona;;1;0;0;1;12.4254;41.9379;-1;1;Autovettura privata;In marcia / fermata / arresto;Conducente;M;Illeso;0;;Non accertato;Inesploso
5198896;19;15/12/2020 18:35:00;Strada Urbana;VIALE MONFORTANI;in prossimit�;;del civico n.;8;;Tamponamento;Rettilineo;Una carreggiata a senso unico di marcia;Asciutto;Asfaltata;Verticale ed orizzontale;Sereno;Normale;Buona;;1;0;0;1;12.4254;41.9379;-1;2;Motociclo a solo;In marcia / fermata / arresto;Conducente;M;Rimandato;0;NON DECEDUTO;Non accertato;
5198911;19;15/12/2020 19:20:00;Strada Urbana;VIA S. IGINO PAPA;in prossimit�;;del civico n.;20;;Veicolo in marcia contro veicoli in sosta;Curva a visuale libera;Una carreggiata a senso unico di marcia;Asciutto;Asfaltata;Assente;Sereno;Scarso;Buona;;0;0;0;1;12.4154;41.9142;-1;1;Autovettura privata;In marcia / fermata / arresto;Conducente;F;Illeso;0;;Non accertato;Inesploso
5198911;19;15/12/2020 19:20:00;Strada Urbana;VIA S. IGINO PAPA;in prossimit�;;del civico n.;20;;Veicolo in marcia contro veicoli in sosta;Curva a visuale libera;Una carreggiata a senso unico di marcia;Asciutto;Asfaltata;Assente;Sereno;Scarso;Buona;;0;0;0;1;12.4154;41.9142;-1;2;Autovettura privata;Sosta;;;;;;;
5198913;5;16/12/2020 01:20:00;Strada Urbana;VIA FRANCESCO SELMI;in prossimit�;;del civico n.;8;;Veicolo in marcia contro veicoli in sosta;Rettilineo;Una carreggiata a senso unico di marcia;Asciutto;Asfaltata;Verticale ed orizzontale;Sereno;Scarso;Buona;;0;0;0;1;12.5704;41.927;-1;1;Autovettura privata;Sosta;;;;;;;
5198913;5;16/12/2020 01:20:00;Strada Urbana;VIA FRANCESCO SELMI;in prossimit�;;del civico n.;8;;Veicolo in marcia contro veicoli in sosta;Rettilineo;Una carreggiata a senso unico di marcia;Asciutto;Asfaltata;Verticale ed orizzontale;Sereno;Scarso;Buona;;0;0;0;1;12.5704;41.927;-1;2;Autovettura privata;In marcia / fermata / arresto;Conducente;M;Illeso;0;;Non accertato;
5198913;5;16/12/2020 01:20:00;Strada Urbana;VIA FRANCESCO SELMI;in prossimit�;;del civico n.;8;;Veicolo in marcia contro veicoli in sosta;Rettilineo;Una carreggiata a senso unico di marcia;Asciutto;Asfaltata;Verticale ed orizzontale;Sereno;Scarso;Buona;;0;0;0;1;12.5704;41.927;-1;3;Autovettura privata;Sosta;;;;;;;
5198925;20;15/12/2020 21:50:00;Strada Urbana;CORSO DI FRANCIA;in corrispondenza;;del civico n.;251;;Tamponamento;Rettilineo;Due carreggiate;Asciutto;Asfaltata;Verticale ed orizzontale;Sereno;Scarso;Sufficiente;;0;0;0;2;12.469;41.9464;-1;1;Autovettura privata;In marcia / fermata / arresto;Conducente;M;Illeso;0;;;
5198925;20;15/12/2020 21:50:00;Strada Urbana;CORSO DI FRANCIA;in corrispondenza;;del civico n.;251;;Tamponamento;Rettilineo;Due carreggiate;Asciutto;Asfaltata;Verticale ed orizzontale;Sereno;Scarso;Sufficiente;;0;0;0;2;12.469;41.9464;-1;2;Motociclo a solo;In marcia / fermata / arresto;Conducente;M;Illeso;0;;;
5198938;4;15/12/2020 07:30:00;Strada Urbana;VIA MONTE MASSICO;in corrispondenza;;del civico n.;112;;Scontro laterale fra veicoli in marcia;Rettilineo;Due carreggiate;Asciutto;Asfaltata;Verticale ed orizzontale;Nuvoloso;Normale;Buona;;0;0;0;2;12.5269;41.9509;-1;1;Autovettura privata;In marcia / fermata / arresto;Conducente;M;Illeso;0;;;
5198938;4;15/12/2020 07:30:00;Strada Urbana;VIA MONTE MASSICO;in corrispondenza;;del civico n.;112;;Scontro laterale fra veicoli in marcia;Rettilineo;Due carreggiate;Asciutto;Asfaltata;Verticale ed orizzontale;Nuvoloso;Normale;Buona;;0;0;0;2;12.5269;41.9509;-1;2;Autovettura privata;In marcia / fermata / arresto;Conducente;M;Illeso;0;;;
5198951;20;15/12/2020 17:00:00;Regionale entro l'abitato;VIA CASSIA;da specificare;;;;prossimit� Via Piccinini;Tamponamento;Rettilineo;Una carreggiata a senso unico di marcia;Asciutto;Asfaltata;Verticale ed orizzontale;Sereno;Intenso;Buona;;0;0;0;3;12.4137;41.9828;-1;1;Autovettura privata;In marcia / fermata / arresto;Conducente;M;Illeso;0;;Non accertato;Inesploso
5198951;20;15/12/2020 17:00:00;Regionale entro l'abitato;VIA CASSIA;da specificare;;;;prossimit� Via Piccinini;Tamponamento;Rettilineo;Una carreggiata a senso unico di marcia;Asciutto;Asfaltata;Verticale ed orizzontale;Sereno;Intenso;Buona;;0;0;0;3;12.4137;41.9828;-1;1;Autovettura privata;In marcia / fermata / arresto;Passeggero;F;Illeso;0;;Non accertato;Inesploso
5198951;20;15/12/2020 17:00:00;Regionale entro l'abitato;VIA CASSIA;da specificare;;;;prossimit� Via Piccinini;Tamponamento;Rettilineo;Una carreggiata a senso unico di marcia;Asciutto;Asfaltata;Verticale ed orizzontale;Sereno;Intenso;Buona;;0;0;0;3;12.4137;41.9828;-1;2;Autovettura privata;In marcia / fermata / arresto;Conducente;M;Illeso;0;;Non accertato;Inesploso
5198959;20;15/12/2020 07:20:00;Strada Urbana;VIA FLAMINIA;da specificare;;;;fronte civ 290;Tamponamento;Rettilineo;Una carreggiata a doppio senso;Asciutto;Asfaltata;Verticale ed orizzontale;Sereno;Normale;Buona;;0;0;0;3;12.4718;41.9419;-1;1;Autovettura privata;In marcia / fermata / arresto;Conducente;F;Illeso;0;;Non accertato;Inesploso
5198959;20;15/12/2020 07:20:00;Strada Urbana;VIA FLAMINIA;da specificare;;;;fronte civ 290;Tamponamento;Rettilineo;Una carreggiata a doppio senso;Asciutto;Asfaltata;Verticale ed orizzontale;Sereno;Normale;Buona;;0;0;0;3;12.4718;41.9419;-1;1;Autovettura privata;In marcia / fermata / arresto;Passeggero;M;Illeso;0;;Non accertato;Inesploso
5198959;20;15/12/2020 07:20:00;Strada Urbana;VIA FLAMINIA;da specificare;;;;fronte civ 290;Tamponamento;Rettilineo;Una carreggiata a doppio senso;Asciutto;Asfaltata;Verticale ed orizzontale;Sereno;Normale;Buona;;0;0;0;3;12.4718;41.9419;-1;2;Autobus di linea;In marcia / fermata / arresto;Conducente;M;Illeso;0;;Non accertato;Inesploso
5198978;4;15/12/2020 14:30:00;Strada Urbana;VIA S. ANTONIO DI PADOVA;in corrispondenza;;del civico n.;79;;Investimento di pedone;Rettilineo;Una carreggiata a doppio senso;Asciutto;Asfaltata;Verticale;Sereno;Scarso;Buona;;1;0;0;1;12.5245;42.0041;-1;;;;Pedone;M;Rimandato;0;NON DECEDUTO;;
5198978;4;15/12/2020 14:30:00;Strada Urbana;VIA S. ANTONIO DI PADOVA;in corrispondenza;;del civico n.;79;;Investimento di pedone;Rettilineo;Una carreggiata a doppio senso;Asciutto;Asfaltata;Verticale;Sereno;Scarso;Buona;;1;0;0;1;12.5245;42.0041;-1;1;Autovettura privata;In marcia / fermata / arresto;Conducente;M;Illeso;0;;;
5198979;18;15/12/2020 14:00:00;Strada Urbana;VIA DOMENICO TARDINI;in prossimit�;;del civico n.;3/A;;Scontro laterale fra veicoli in marcia;Rettilineo;Una carreggiata a senso unico di marcia;Asciutto;Asfaltata;Verticale ed orizzontale;Sereno;Normale;Buona;;0;0;0;2;12.4268;41.9017;-1;1;Autovettura privata;In marcia / fermata / arresto;Conducente;M;Illeso;0;;;
5198979;18;15/12/2020 14:00:00;Strada Urbana;VIA DOMENICO TARDINI;in prossimit�;;del civico n.;3/A;;Scontro laterale fra veicoli in marcia;Rettilineo;Una carreggiata a senso unico di marcia;Asciutto;Asfaltata;Verticale ed orizzontale;Sereno;Normale;Buona;;0;0;0;2;12.4268;41.9017;-1;2;Quadriciclo leggero;In marcia / fermata / arresto;Conducente;M;Illeso;0;;;
5198984;12;15/12/2020 15:30:00;Strada Urbana;VIA LAURENTINA;in prossimit�;;del civico n.;611;;Tamponamento Multiplo;Rettilineo;Due carreggiate;Asciutto;Asfaltata;Verticale ed orizzontale;Sereno;Normale;Buona;;0;0;0;3;12.4802;41.8222;-1;1;Autovettura privata;In marcia / fermata / arresto;Conducente;F;Illeso;0;;;
5198984;12;15/12/2020 15:30:00;Strada Urbana;VIA LAURENTINA;in prossimit�;;del civico n.;611;;Tamponamento Multiplo;Rettilineo;Due carreggiate;Asciutto;Asfaltata;Verticale ed orizzontale;Sereno;Normale;Buona;;0;0;0;3;12.4802;41.8222;-1;2;Autobus di linea;In marcia / fermata / arresto;Conducente;M;Illeso;0;;;
5198984;12;15/12/2020 15:30:00;Strada Urbana;VIA LAURENTINA;in prossimit�;;del civico n.;611;;Tamponamento Multiplo;Rettilineo;Due carreggiate;Asciutto;Asfaltata;Verticale ed orizzontale;Sereno;Normale;Buona;;0;0;0;3;12.4802;41.8222;-1;3;Autovettura privata;Allontanatosi;Conducente;M;Illeso;0;;;
5198995;17;15/12/2020 18:30:00;Strada Urbana;VIA ANGELO EMO;in prossimit�;;del civico n.;44;;Veicolo in marcia contro veicolo arresto;Rettilineo;Due carreggiate;Asciutto;Asfaltata;Verticale ed orizzontale;Sereno;Normale;Sufficiente;;0;0;0;2;12.4474;41.9053;-1;1;Autovettura privata;In marcia / fermata / arresto;Conducente;F;Illeso;0;;;
5198995;17;15/12/2020 18:30:00;Strada Urbana;VIA ANGELO EMO;in prossimit�;;del civico n.;44;;Veicolo in marcia contro veicolo arresto;Rettilineo;Due carreggiate;Asciutto;Asfaltata;Verticale ed orizzontale;Sereno;Normale;Sufficiente;;0;0;0;2;12.4474;41.9053;-1;2;Ciclomotore;In marcia / fermata / arresto;Conducente;M;Illeso;0;;;
5198998;7;15/12/2020 21:10:00;Strada Urbana;VIALE ALESSANDRINO;all'intersezione con;VIA DEGLI OLMI;VIA DEGLI OLMI;;;Scontro frontale/laterale DX fra veicoli in marcia;Incrocio;Una carreggiata a doppio senso;Asciutto;Asfaltata;Verticale ed orizzontale;Sereno;Normale;Buona;;0;0;0;3;12.578;41.8792;-1;1;Autovettura privata;In marcia / fermata / arresto;Conducente;M;Illeso;0;;;
5198998;7;15/12/2020 21:10:00;Strada Urbana;VIALE ALESSANDRINO;all'intersezione con;VIA DEGLI OLMI;VIA DEGLI OLMI;;;Scontro frontale/laterale DX fra veicoli in marcia;Incrocio;Una carreggiata a doppio senso;Asciutto;Asfaltata;Verticale ed orizzontale;Sereno;Normale;Buona;;0;0;0;3;12.578;41.8792;-1;1;Autovettura privata;In marcia / fermata / arresto;Passeggero;M;Illeso;0;;;
5198998;7;15/12/2020 21:10:00;Strada Urbana;VIALE ALESSANDRINO;all'intersezione con;VIA DEGLI OLMI;VIA DEGLI OLMI;;;Scontro frontale/laterale DX fra veicoli in marcia;Incrocio;Una carreggiata a doppio senso;Asciutto;Asfaltata;Verticale ed orizzontale;Sereno;Normale;Buona;;0;0;0;3;12.578;41.8792;-1;1;Autovettura privata;In marcia / fermata / arresto;Passeggero;F;Illeso;0;;;
5198998;7;15/12/2020 21:10:00;Strada Urbana;VIALE ALESSANDRINO;all'intersezione con;VIA DEGLI OLMI;VIA DEGLI OLMI;;;Scontro frontale/laterale DX fra veicoli in marcia;Incrocio;Una carreggiata a doppio senso;Asciutto;Asfaltata;Verticale ed orizzontale;Sereno;Normale;Buona;;0;0;0;3;12.578;41.8792;-1;2;Autovettura privata;Allontanatosi;;;;;;;