Protocollo;Gruppo;DataOraIncidente;Localizzazione1;STRADA1;Localizzazione2;STRADA2;Strada02;Chilometrica;DaSpecificare;NaturaIncidente;particolaritastrade;TipoStrada;FondoStradale;Pavimentazione;Segnaletica;CondizioneAtmosferica;Traffico;Visibilita;Illuminazione;NUM_FERITI;NUM_RISERVATA;NUM_MORTI;NUM_ILLESI;Longitudine;Latitudine;Confermato;Progressivo;TipoVeicolo;StatoVeicolo;TipoPersona;Sesso;Tipolesione;Deceduto;DecedutoDopo;CinturaCascoUtilizzato;Airbag;
5200810;1;16/12/2020 19:00:00;Strada Urbana;PIAZZA DELL'INDIPENDENZA;all'intersezione con;VIA SOLFERINO;VIA SOLFERINO;;;Scontro laterale fra veicoli in marcia;Rotatoria;Una carreggiata a senso unico di marcia;Asciutto;Asfaltata;Assente;Sereno;Scarso;Sufficiente;;0;0;0;3;12.5014;41.9041;-1;1;Autovettura privata;In marcia / fermata / arresto;Passeggero;F;Illeso;0;;;
5200810;1;16/12/2020 19:00:00;Strada Urbana;PIAZZA DELL'INDIPENDENZA;all'intersezione con;VIA SOLFERINO;VIA SOLFERINO;;;Scontro laterale fra veicoli in marcia;Rotatoria;Una carreggiata a senso unico di marcia;Asciutto;Asfaltata;Assente;Sereno;Scarso;Sufficiente;;0;0;0;3;12.5014;41.9041;-1;2;Autovettura privata;In marcia / fermata / arresto;Conducente;M;Illeso;0;;;
5200813;7;16/12/2020 19:15:00;Strada Urbana;VIA DEI MELI;in corrispondenza;;del civico n.;8;;Scontro laterale fra veicoli in marcia;Rettilineo;Una carreggiata a doppio senso;Asciutto;Asfaltata;Verticale ed orizzontale;Sereno;Normale;Buona;;1;0;0;1;12.5748;41.8808;-1;1;Autovettura privata;In marcia / fermata / arresto;Conducente;M;Illeso;0;;Non accertato;Inesploso
5200813;7;16/12/2020 19:15:00;Strada Urbana;VIA DEI MELI;in corrispondenza;;del civico n.;8;;Scontro laterale fra veicoli in marcia;Rettilineo;Una carreggiata a doppio senso;Asciutto;Asfaltata;Verticale ed orizzontale;Sereno;Normale;Buona;;1;0;0;1;12.5748;41.8808;-1;2;Velocipede;In marcia / fermata / arresto;Conducente;M;Rimandato;0;NON DECEDUTO;Esente;
5200832;4;16/12/2020 11:50:00;Strada Urbana;VIA DARIO NICCODEMI;da specificare;;;;altezza Via Bracco;Veicolo in marcia contro veicoli in sosta;Rettilineo;Una carreggiata a doppio senso;Asciutto;Asfaltata;Verticale ed orizzontale;Sereno;Normale;Buona;;0;0;0;1;12.5487;41.955;-1;1;Autovettura privata;In marcia / fermata / arresto;Conducente;F;Illeso;0;;Non accertato;Inesploso
5200832;4;16/12/2020 11:50:00;Strada Urbana;VIA DARIO NICCODEMI;da specificare;;;;altezza Via Bracco;Veicolo in marcia contro veicoli in sosta;Rettilineo;Una carreggiata a doppio senso;Asciutto;Asfaltata;Verticale ed orizzontale;Sereno;Normale;Buona;;0;0;0;1;12.5487;41.955;-1;2;Autovettura privata;In marcia / fermata / arresto;;;;;;;
5200856;18;16/12/2020 21:00:00;Strada Urbana;CIRCONVALLAZIONE CORNELIA;in corrispondenza;;del civico n.;1;;Veicolo in marcia contro ostacolo fisso;Rettilineo;Una carreggiata a senso unico di marcia;Asciutto;Asfaltata;Verticale ed orizzontale;Sereno;Scarso;Buona;;0;0;0;1;12.4271;41.8989;-1;1;Autovettura privata;In marcia / fermata / arresto;Conducente;M;Illeso;0;;Non accertato;Inesploso
5200891;4;16/12/2020 15:10:00;Strada Urbana;VIA DEI PRATI FISCALI;all'intersezione semaforizzata con;VIA CAVRIGLIA;VIA CAVRIGLIA;;;Tamponamento;Intersezione semaforizzata;Due carreggiate;Asciutto;Asfaltata;Verticale ed orizzontale;Sereno;Normale;Buona;;0;0;0;4;12.5165;41.9461;-1;1;Autovettura privata;In marcia / fermata / arresto;Conducente;M;Illeso;0;;;
5200891;4;16/12/2020 15:10:00;Strada Urbana;VIA DEI PRATI FISCALI;all'intersezione semaforizzata con;VIA CAVRIGLIA;VIA CAVRIGLIA;;;Tamponamento;Intersezione semaforizzata;Due carreggiate;Asciutto;Asfaltata;Verticale ed orizzontale;Sereno;Normale;Buona;;0;0;0;4;12.5165;41.9461;-1;1;Autovettura privata;In marcia / fermata / arresto;Passeggero;F;Illeso;0;;Non accertato;Inesploso
5200891;4;16/12/2020 15:10:00;Strada Urbana;VIA DEI PRATI FISCALI;all'intersezione semaforizzata con;VIA CAVRIGLIA;VIA CAVRIGLIA;;;Tamponamento;Intersezione semaforizzata;Due carreggiate;Asciutto;Asfaltata;Verticale ed orizzontale;Sereno;Normale;Buona;;0;0;0;4;12.5165;41.9461;-1;2;Autovettura privata;In marcia / fermata / arresto;Conducente;F;Illeso;0;;;
5200891;4;16/12/2020 15:10:00;Strada Urbana;VIA DEI PRATI FISCALI;all'intersezione semaforizzata con;VIA CAVRIGLIA;VIA CAVRIGLIA;;;Tamponamento;Intersezione semaforizzata;Due carreggiate;Asciutto;Asfaltata;Verticale ed orizzontale;Sereno;Normale;Buona;;0;0;0;4;12.5165;41.9461;-1;2;Autovettura privata;In marcia / fermata / arresto;Passeggero;M;Illeso;0;;Non accertato;Inesploso
5200904;11;17/12/2020 09:30:00;Strada Urbana;VIA DEL PORTO FLUVIALE;in corrispondenza;;del civico n.;8/A;;Scontro frontale/laterale DX fra veicoli in marcia;Rettilineo;Una carreggiata a doppio senso;Asciutto;Asfaltata;Verticale ed orizzontale;Sereno;Normale;Buona;;0;0;0;3;12.4798;41.8724;-1;1;Autovettura privata;In marcia / fermata / arresto;Conducente;M;Illeso;0;;Non accertato;Inesploso
5200904;11;17/12/2020 09:30:00;Strada Urbana;VIA DEL PORTO FLUVIALE;in corrispondenza;;del civico n.;8/A;;Scontro frontale/laterale DX fra veicoli in marcia;Rettilineo;Una carreggiata a doppio senso;Asciutto;Asfaltata;Verticale ed orizzontale;Sereno;Normale;Buona;;0;0;0;3;12.4798;41.8724;-1;2;Autocarro inferiore 35 q.;In marcia / fermata / arresto;Conducente;M;Illeso;0;;Non accertato;Inesistente
5200904;11;17/12/2020 09:30:00;Strada Urbana;VIA DEL PORTO FLUVIALE;in corrispondenza;;del civico n.;8/A;;Scontro frontale/laterale DX fra veicoli in marcia;Rettilineo;Una carreggiata a doppio senso;Asciutto;Asfaltata;Verticale ed orizzontale;Sereno;Normale;Buona;;0;0;0;3;12.4798;41.8724;-1;2;Autocarro inferiore 35 q.;In marcia / fermata / arresto;Passeggero;M;Illeso;0;;Non accertato;Inesploso
5200933;17;16/12/2020 18:30:00;Strada Urbana;VIA DURAZZO;in prossimit�;;del civico n.;27;;Veicolo in marcia contro veicolo in sosta;Rettilineo;Una carreggiata a doppio senso;Asciutto;Asfaltata;Verticale;Sereno;Scarso;Sufficiente;;0;0;0;1;12.4569;41.9211;-1;1;Autovettura privata;In marcia / fermata / arresto;Conducente;M;Illeso;0;;;
5200933;17;16/12/2020 18:30:00;Strada Urbana;VIA DURAZZO;in prossimit�;;del civico n.;27;;Veicolo in marcia contro veicolo in sosta;Rettilineo;Una carreggiata a doppio senso;Asciutto;Asfaltata;Verticale;Sereno;Scarso;Sufficiente;;0;0;0;1;12.4569;41.9211;-1;2;Autovettura privata;Sosta;;;;;;;
5200960;1;17/12/2020 07:50:00;Strada Urbana;VIA MERULANA;in corrispondenza;;del civico n.;126;;Scontro laterale fra veicoli in marcia;Rettilineo;Una carreggiata a doppio senso;Asciutto;Asfaltata;Verticale ed orizzontale;Sereno;Normale;Buona;;1;0;0;1;12.5041;41.8881;-1;1;Autovettura privata;In marcia / fermata / arresto;Conducente;M;Illeso;0;;Non accertato;Inesploso
5200960;1;17/12/2020 07:50:00;Strada Urbana;VIA MERULANA;in corrispondenza;;del civico n.;126;;Scontro laterale fra veicoli in marcia;Rettilineo;Una carreggiata a doppio senso;Asciutto;Asfaltata;Verticale ed orizzontale;Sereno;Normale;Buona;;1;0;0;1;12.5041;41.8881;-1;2;Motociclo a solo;In marcia / fermata / arresto;Conducente;M;Rimandato;0;NON DECEDUTO;Non accertato;
5200969;13;16/12/2020 15:30:00;Strada Urbana;VIA CRISTOFORO COLOMBO;in prossimit�;;della chilometrica;19.5;;Tamponamento Multiplo;Rettilineo;Pi� di due carreggiate;Asciutto;Asfaltata;Verticale ed orizzontale;Sereno;Normale;Buona;;1;0;0;4;12.4536;41.8089;-1;1;Autovettura privata;In marcia / fermata / arresto;Conducente;M;Illeso;0;;Non accertato;Inesploso
5200969;13;16/12/2020 15:30:00;Strada Urbana;VIA CRISTOFORO COLOMBO;in prossimit�;;della chilometrica;19.5;;Tamponamento Multiplo;Rettilineo;Pi� di due carreggiate;Asciutto;Asfaltata;Verticale ed orizzontale;Sereno;Normale;Buona;;1;0;0;4;12.4536;41.8089;-1;1;Autovettura privata;In marcia / fermata / arresto;Passeggero;M;Illeso;0;;Non accertato;Inesploso
5200969;13;16/12/2020 15:30:00;Strada Urbana;VIA CRISTOFORO COLOMBO;in prossimit�;;della chilometrica;19.5;;Tamponamento Multiplo;Rettilineo;Pi� di due carreggiate;Asciutto;Asfaltata;Verticale ed orizzontale;Sereno;Normale;Buona;;1;0;0;4;12.4536;41.8089;-1;2;Autovettura privata;In marcia / fermata / arresto;Conducente;M;Illeso;0;;Non accertato;Inesploso
5200969;13;16/12/2020 15:30:00;Strada Urbana;VIA CRISTOFORO COLOMBO;in prossimit�;;della chilometrica;19.5;;Tamponamento Multiplo;Rettilineo;Pi� di due carreggiate;Asciutto;Asfaltata;Verticale ed orizzontale;Sereno;Normale;Buona;;1;0;0;4;12.4536;41.8089;-1;3;Autovettura privata;In marcia / fermata / arresto;Conducente;F;Rimandato;0;NON DECEDUTO;Non accertato;Inesploso
5200969;13;16/12/2020 15:30:00;Strada Urbana;VIA CRISTOFORO COLOMBO;in prossimit�;;della chilometrica;19.5;;Tamponamento Multiplo;Rettilineo;Pi� di due carreggiate;Asciutto;Asfaltata;Verticale ed orizzontale;Sereno;Normale;Buona;;1;0;0;4;12.4536;41.8089;-1;4;Autovettura privata;In marcia / fermata / arresto;Conducente;M;Illeso;0;;Non accertato;Inesploso
5200985;18;16/12/2020 20:15:00;Strada Urbana;VIA DI BOCCEA;in prossimit�;;del civico n.;758;;Scontro frontale/laterale SX fra veicoli in marcia;Rettilineo;Una carreggiata a doppio senso;Asciutto;Asfaltata;Orizzontale;Sereno;Normale;Sufficiente;;0;0;0;2;12.3644;41.9252;-1;1;Autovettura privata;In marcia / fermata / arresto;Conducente;M;Illeso;0;;Non accertato;Inesploso
5200985;18;16/12/2020 20:15:00;Strada Urbana;VIA DI BOCCEA;in prossimit�;;del civico n.;758;;Scontro frontale/laterale SX fra veicoli in marcia;Rettilineo;Una carreggiata a doppio senso;Asciutto;Asfaltata;Orizzontale;Sereno;Normale;Sufficiente;;0;0;0;2;12.3644;41.9252;-1;2;Autovettura privata;In marcia / fermata / arresto;Conducente;M;Illeso;0;;Non accertato;Inesploso
5200985;18;16/12/2020 20:15:00;Strada Urbana;VIA DI BOCCEA;in prossimit�;;del civico n.;758;;Scontro frontale/laterale SX fra veicoli in marcia;Rettilineo;Una carreggiata a doppio senso;Asciutto;Asfaltata;Orizzontale;Sereno;Normale;Sufficiente;;0;0;0;2;12.3644;41.9252;-1;3;Autovettura privata;Sosta;;;;;;;
5200985;18;16/12/2020 20:15:00;Strada Urbana;VIA DI BOCCEA;in prossimit�;;del civico n.;758;;Scontro frontale/laterale SX fra veicoli in marcia;Rettilineo;Una carreggiata a doppio senso;Asciutto;Asfaltata;Orizzontale;Sereno;Normale;Sufficiente;;0;0;0;2;12.3644;41.9252;-1;4;Autovettura privata;Sosta;;;;;;;
5201019;7;16/12/2020 11:30:00;Strada Urbana;VIALE ALESSANDRINO;in corrispondenza;;del civico n.;489;;Scontro frontale/laterale DX fra veicoli in marcia;Rettilineo;Una carreggiata a doppio senso;Asciutto;Asfaltata;Verticale ed orizzontale;Sereno;Normale;Buona;;0;0;0;2;12.5772;41.8809;-1;1;Autovettura privata;In marcia / fermata / arresto;Conducente;M;Illeso;0;;Non accertato;Inesploso
5201019;7;16/12/2020 11:30:00;Strada Urbana;VIALE ALESSANDRINO;in corrispondenza;;del civico n.;489;;Scontro frontale/laterale DX fra veicoli in marcia;Rettilineo;Una carreggiata a doppio senso;Asciutto;Asfaltata;Verticale ed orizzontale;Sereno;Normale;Buona;;0;0;0;2;12.5772;41.8809;-1;2;Autovettura privata;In marcia / fermata / arresto;Conducente;F;Illeso;0;;Non accertato;Inesploso
5201022;10;16/12/2020 14:45:00;Strada Urbana;VIA EUDO GIULIOLI;in corrispondenza;;del civico n.;3;;Veicolo in marcia contro veicolo in sosta;Rettilineo;Una carreggiata a doppio senso;Asciutto;Asfaltata;Verticale ed orizzontale;Sereno;Scarso;Buona;;0;0;0;0;12.578;41.8493;-1;1;Autovettura privata;Sosta;;;;;;;
5201022;10;16/12/2020 14:45:00;Strada Urbana;VIA EUDO GIULIOLI;in corrispondenza;;del civico n.;3;;Veicolo in marcia contro veicolo in sosta;Rettilineo;Una carreggiata a doppio senso;Asciutto;Asfaltata;Verticale ed orizzontale;Sereno;Scarso;Buona;;0;0;0;0;12.578;41.8493;-1;2;Monopattino elettrico;Allontanatosi;;;;;;;
5201109;13;16/12/2020 15:25:00;Strada Urbana;VIA DELLE BALENIERE;all'intersezione con;VIA DELLE MOLUCCHE;VIA DELLE MOLUCCHE;;;Investimento di pedone;Incrocio;Una carreggiata a doppio senso;Asciutto;Asfaltata;Verticale ed orizzontale;Sereno;Scarso;Buona;;1;0;0;1;12.2804;41.7398;-1;;;;Pedone;F;Rimandato;0;NON DECEDUTO;;
5201109;13;16/12/2020 15:25:00;Strada Urbana;VIA DELLE BALENIERE;all'intersezione con;VIA DELLE MOLUCCHE;VIA DELLE MOLUCCHE;;;Investimento di pedone;Incrocio;Una carreggiata a doppio senso;Asciutto;Asfaltata;Verticale ed orizzontale;Sereno;Scarso;Buona;;1;0;0;1;12.2804;41.7398;-1;1;Autovettura privata;In marcia / fermata / arresto;Conducente;M;Illeso;0;;Non accertato;
5201114;2;16/12/2020 13:00:00;Strada Urbana;VIA PARAGUAY;da specificare;;;;in pross. VIALE LIEGI;Investimento di pedone;Rettilineo;Una carreggiata a senso unico di marcia;Asciutto;Asfaltata;Verticale ed orizzontale;Sereno;Normale;Buona;;1;0;0;2;12.4943;41.9218;-1;;;;Pedone;F;Rimandato;0;NON DECEDUTO;;
5201114;2;16/12/2020 13:00:00;Strada Urbana;VIA PARAGUAY;da specificare;;;;in pross. VIALE LIEGI;Investimento di pedone;Rettilineo;Una carreggiata a senso unico di marcia;Asciutto;Asfaltata;Verticale ed orizzontale;Sereno;Normale;Buona;;1;0;0;2;12.4943;41.9218;-1;1;Autovettura privata;In marcia / fermata / arresto;Conducente;M;Illeso;0;;Non accertato;Inesploso
5201114;2;16/12/2020 13:00:00;Strada Urbana;VIA PARAGUAY;da specificare;;;;in pross. VIALE LIEGI;Investimento di pedone;Rettilineo;Una carreggiata a senso unico di marcia;Asciutto;Asfaltata;Verticale ed orizzontale;Sereno;Normale;Buona;;1;0;0;2;12.4943;41.9218;-1;1;Autovettura privata;In marcia / fermata / arresto;Passeggero;F;Illeso;0;;;
5201116;2;16/12/2020 12:05:00;Strada Urbana;VIA BRUXELLES;all'intersezione con;VIA LISBONA;VIA LISBONA;;;Scontro frontale/laterale DX fra veicoli in marcia;Incrocio;Una carreggiata a senso unico di marcia;Asciutto;Asfaltata;Verticale ed orizzontale;Sereno;Normale;Buona;;1;0;0;4;12.4978;41.9235;-1;1;Autovettura privata;In marcia / fermata / arresto;Conducente;M;Illeso;0;;;
5201116;2;16/12/2020 12:05:00;Strada Urbana;VIA BRUXELLES;all'intersezione con;VIA LISBONA;VIA LISBONA;;;Scontro frontale/laterale DX fra veicoli in marcia;Incrocio;Una carreggiata a senso unico di marcia;Asciutto;Asfaltata;Verticale ed orizzontale;Sereno;Normale;Buona;;1;0;0;4;12.4978;41.9235;-1;2;Autovettura privata;In marcia / fermata / arresto;Conducente;F;Illeso;0;;;
5201116;2;16/12/2020 12:05:00;Strada Urbana;VIA BRUXELLES;all'intersezione con;VIA LISBONA;VIA LISBONA;;;Scontro frontale/laterale DX fra veicoli in marcia;Incrocio;Una carreggiata a senso unico di marcia;Asciutto;Asfaltata;Verticale ed orizzontale;Sereno;Normale;Buona;;1;0;0;4;12.4978;41.9235;-1;2;Autovettura privata;In marcia / fermata / arresto;Passeggero;F;Rifiuta cure immediate;0;NON DECEDUTO;;
5201116;2;16/12/2020 12:05:00;Strada Urbana;VIA BRUXELLES;all'intersezione con;VIA LISBONA;VIA LISBONA;;;Scontro frontale/laterale DX fra veicoli in marcia;Incrocio;Una carreggiata a senso unico di marcia;Asciutto;Asfaltata;Verticale ed orizzontale;Sereno;Normale;Buona;;1;0;0;4;12.4978;41.9235;-1;2;Autovettura privata;In marcia / fermata / arresto;Passeggero;F;Illeso;0;;;
5201116;2;16/12/2020 12:05:00;Strada Urbana;VIA BRUXELLES;all'intersezione con;VIA LISBONA;VIA LISBONA;;;Scontro frontale/laterale DX fra veicoli in marcia;Incrocio;Una carreggiata a senso unico di marcia;Asciutto;Asfaltata;Verticale ed orizzontale;Sereno;Normale;Buona;;1;0;0;4;12.4978;41.9235;-1;2;Autovettura privata;In marcia / fermata / arresto;Passeggero;F;Illeso;0;;;
5201174;1;17/12/2020 11:25:00;Strada Urbana;VIALE DI TRASTEVERE;in prossimit�;;del civico n.;143/b;;Scontro laterale fra veicoli in marcia;Rettilineo;Pi� di due carreggiate;Asciutto;Asfaltata;Verticale ed orizzontale;Sereno;Normale;Sufficiente;;1;0;0;1;12.4709;41.8849;-1;1;Motociclo a solo;In marcia / fermata / arresto;Conducente;F;Rimandato;0;NON DECEDUTO;;
5201174;1;17/12/2020 11:25:00;Strada Urbana;VIALE DI TRASTEVERE;in prossimit�;;del civico n.;143/b;;Scontro laterale fra veicoli in marcia;Rettilineo;Pi� di due carreggiate;Asciutto;Asfaltata;Verticale ed orizzontale;Sereno;Normale;Sufficiente;;1;0;0;1;12.4709;41.8849;-1;2;Autovettura privata;In marcia / fermata / arresto;Conducente;M;Illeso;0;;;
5201233;17;16/12/2020 09:50:00;Strada Urbana;VIALE DEGLI AMMIRAGLI;in corrispondenza;;del civico n.;87;;Tamponamento;Rettilineo;Due carreggiate;Asciutto;Asfaltata;Verticale ed orizzontale;Sereno;Normale;Buona;;0;0;0;2;12.4439;41.9059;-1;1;Autovettura privata;In marcia / fermata / arresto;Conducente;M;Illeso;0;;;
5201233;17;16/12/2020 09:50:00;Strada Urbana;VIALE DEGLI AMMIRAGLI;in corrispondenza;;del civico n.;87;;Tamponamento;Rettilineo;Due carreggiate;Asciutto;Asfaltata;Verticale ed orizzontale;Sereno;Normale;Buona;;0;0;0;2;12.4439;41.9059;-1;2;Autovettura privata;In marcia / fermata / arresto;Conducente;F;Illeso;0;;;
5201411;1;17/12/2020 08:20:00;Strada Urbana;LARGO CAVALIERI DI COLOMBO;da specificare;;;;in prossimit� albero n.19;Tamponamento;Rettilineo;Una carreggiata a senso unico di marcia;Asciutto;Asfaltata;Verticale ed orizzontale;Sereno;Normale;Buona;;0;0;0;3;12.4931;41.8815;0;1;Veicolo speciale;In marcia / fermata / arresto;Conducente;M;Illeso;0;;Non accertato;Inesploso
5201411;1;17/12/2020 08:20:00;Strada Urbana;LARGO CAVALIERI DI COLOMBO;da specificare;;;;in prossimit� albero n.19;Tamponamento;Rettilineo;Una carreggiata a senso unico di marcia;Asciutto;Asfaltata;Verticale ed orizzontale;Sereno;Normale;Buona;;0;0;0;3;12.4931;41.8815;0;1;Veicolo speciale;In marcia / fermata / arresto;Passeggero;M;Illeso;0;;Non accertato;Inesploso
5201411;1;17/12/2020 08:20:00;Strada Urbana;LARGO CAVALIERI DI COLOMBO;da specificare;;;;in prossimit� albero n.19;Tamponamento;Rettilineo;Una carreggiata a senso unico di marcia;Asciutto;Asfaltata;Verticale ed orizzontale;Sereno;Normale;Buona;;0;0;0;3;12.4931;41.8815;0;2;Autovettura privata;In marcia / fermata / arresto;Conducente;F;Illeso;0;;Non accertato;Inesploso
5201469;1;17/12/2020 09:15:00;Strada Urbana;VIA DEI MILLE;in corrispondenza;;del civico n.;12;;Investimento di pedone;Rettilineo;Una carreggiata a senso unico alternato;Asciutto;Asfaltata;Verticale ed orizzontale;Sereno;Normale;Buona;;0;0;0;2;12.5032;41.9038;0;;;;Pedone;M;Illeso;0;;;
5201469;1;17/12/2020 09:15:00;Strada Urbana;VIA DEI MILLE;in corrispondenza;;del civico n.;12;;Investimento di pedone;Rettilineo;Una carreggiata a senso unico alternato;Asciutto;Asfaltata;Verticale ed orizzontale;Sereno;Normale;Buona;;0;0;0;2;12.5032;41.9038;0;1;Autovettura privata;In marcia / fermata / arresto;Conducente;M;Illeso;0;;Non accertato;Inesploso
5201567;1;17/12/2020 14:20:00;Strada Urbana;VIA NICOLA SALVI;all'intersezione semaforizzata con;PIAZZA DEL COLOSSEO;PIAZZA DEL COLOSSEO;;;Scontro laterale fra veicoli in marcia;Intersezione semaforizzata;Una carreggiata a senso unico di marcia;Asciutto;Asfaltata;Verticale ed orizzontale;Sereno;Normale;Buona;;1;0;0;1;12.4929;41.8914;0;1;Velocipede;In marcia / fermata / arresto;Conducente;M;Rimandato;0;NON DECEDUTO;Esente;
5201567;1;17/12/2020 14:20:00;Strada Urbana;VIA NICOLA SALVI;all'intersezione semaforizzata con;PIAZZA DEL COLOSSEO;PIAZZA DEL COLOSSEO;;;Scontro laterale fra veicoli in marcia;Intersezione semaforizzata;Una carreggiata a senso unico di marcia;Asciutto;Asfaltata;Verticale ed orizzontale;Sereno;Normale;Buona;;1;0;0;1;12.4929;41.8914;0;2;Autovettura privata;In marcia / fermata / arresto;Conducente;M;Illeso;0;;Non accertato;Inesploso
5201652;18;17/12/2020 10:00:00;Strada Urbana;VIA AURELIA;in corrispondenza;;del civico n.;63;;Scontro laterale fra veicoli in marcia;Rettilineo;Una carreggiata a doppio senso;Asciutto;Asfaltata;Verticale ed orizzontale;Sereno;Normale;Buona;;0;0;0;2;12.429;41.8984;-1;1;Autovettura privata;In marcia / fermata / arresto;Conducente;F;Illeso;0;;;
5201652;18;17/12/2020 10:00:00;Strada Urbana;VIA AURELIA;in corrispondenza;;del civico n.;63;;Scontro laterale fra veicoli in marcia;Rettilineo;Una carreggiata a doppio senso;Asciutto;Asfaltata;Verticale ed orizzontale;Sereno;Normale;Buona;;0;0;0;2;12.429;41.8984;-1;2;Autovettura privata;Allontanatosi;Conducente;M;Illeso;0;;;
5201674;17;16/12/2020 05:40:00;Strada Urbana;VIA RAFFAELE CAVERNI;all'intersezione con;VIA TRIONFALE;VIA TRIONFALE;;;Veicolo in marcia contro ostacolo fisso;Incrocio;Due carreggiate;Asciutto;Asfaltata;Verticale ed orizzontale;Sereno;Intenso;Buona;;0;0;0;1;12.4515;41.9132;-1;1;Autocarro inferiore 35 q.;In marcia / fermata / arresto;Conducente;M;Illeso;0;;;
5201743;17;16/12/2020 08:50:00;Strada Urbana;VIA MARCANTONIO COLONNA;in corrispondenza;;del civico n.;28;;Scontro laterale fra veicoli in marcia;Rettilineo;Una carreggiata a doppio senso;Asciutto;Asfaltata;Verticale ed orizzontale;Sereno;Normale;Buona;;0;0;0;3;12.4672;41.9095;-1;1;Autobus di linea;In marcia / fermata / arresto;Conducente;M;Illeso;0;;;
5201743;17;16/12/2020 08:50:00;Strada Urbana;VIA MARCANTONIO COLONNA;in corrispondenza;;del civico n.;28;;Scontro laterale fra veicoli in marcia;Rettilineo;Una carreggiata a doppio senso;Asciutto;Asfaltata;Verticale ed orizzontale;Sereno;Normale;Buona;;0;0;0;3;12.4672;41.9095;-1;2;Autovettura privata;In marcia / fermata / arresto;Conducente;M;Illeso;0;;;
5201743;17;16/12/2020 08:50:00;Strada Urbana;VIA MARCANTONIO COLONNA;in corrispondenza;;del civico n.;28;;Scontro laterale fra veicoli in marcia;Rettilineo;Una carreggiata a doppio senso;Asciutto;Asfaltata;Verticale ed orizzontale;Sereno;Normale;Buona;;0;0;0;3;12.4672;41.9095;-1;2;Autovettura privata;In marcia / fermata / arresto;Passeggero;F;Illeso;0;;;
5201789;3;17/12/2020 12:45:00;Strada Urbana;CIRCONVALLAZIONE TIBURTINA;da specificare;;;;pross.t� sbocco Nuova Cir.ne Interna;Scontro frontale/laterale SX fra veicoli in marcia;Rettilineo;Una carreggiata a senso unico di marcia;Asciutto;Asfaltata;Verticale ed orizzontale;Sereno;Intenso;Buona;;0;0;0;2;12.528;41.8994;-1;1;Autocarro inferiore 35 q.;In marcia / fermata / arresto;Conducente;M;Illeso;0;;;
5201789;3;17/12/2020 12:45:00;Strada Urbana;CIRCONVALLAZIONE TIBURTINA;da specificare;;;;pross.t� sbocco Nuova Cir.ne Interna;Scontro frontale/laterale SX fra veicoli in marcia;Rettilineo;Una carreggiata a senso unico di marcia;Asciutto;Asfaltata;Verticale ed orizzontale;Sereno;Intenso;Buona;;0;0;0;2;12.528;41.8994;-1;2;Autovettura privata;In marcia / fermata / arresto;Conducente;F;Illeso;0;;;
5201796;3;17/12/2020 10:15:00;Strada Urbana;VIALE DI VILLA MASSIMO;in prossimit�;;del civico n.;8/A;;Veicolo in marcia contro veicolo fermo;Rettilineo;Una carreggiata a senso unico di marcia;Asciutto;Asfaltata;Verticale ed orizzontale;Sereno;Scarso;Buona;;2;0;0;1;12.5153;41.9126;-1;1;Autovettura privata;In marcia / fermata / arresto;Conducente;F;Illeso;0;;;
5201796;3;17/12/2020 10:15:00;Strada Urbana;VIALE DI VILLA MASSIMO;in prossimit�;;del civico n.;8/A;;Veicolo in marcia contro veicolo fermo;Rettilineo;Una carreggiata a senso unico di marcia;Asciutto;Asfaltata;Verticale ed orizzontale;Sereno;Scarso;Buona;;2;0;0;1;12.5153;41.9126;-1;2;Motociclo a solo;In marcia / fermata / arresto;Conducente;M;Rimandato;0;NON DECEDUTO;;
5201796;3;17/12/2020 10:15:00;Strada Urbana;VIALE DI VILLA MASSIMO;in prossimit�;;del civico n.;8/A;;Veicolo in marcia contro veicolo fermo;Rettilineo;Una carreggiata a senso unico di marcia;Asciutto;Asfaltata;Verticale ed orizzontale;Sereno;Scarso;Buona;;2;0;0;1;12.5153;41.9126;-1;2;Motociclo a solo;In marcia / fermata / arresto;Passeggero;M;Rimandato;0;NON DECEDUTO;;
5201831;16;16/12/2020 08:00:00;Strada Urbana;VIA S. GIROLAMO EMILIANI;in corrispondenza;;del civico n.;21;;Scontro frontale/laterale DX fra veicoli in marcia;Rettilineo;Una carreggiata a doppio senso;Asciutto;In cubetti di porfido;Assente;Sereno;Normale;Buona;;0;0;0;2;12.453;41.8711;-1;1;Autovettura privata;In marcia / fermata / arresto;Conducente;M;Illeso;0;;Non accertato;Inesploso
5201831;16;16/12/2020 08:00:00;Strada Urbana;VIA S. GIROLAMO EMILIANI;in corrispondenza;;del civico n.;21;;Scontro frontale/laterale DX fra veicoli in marcia;Rettilineo;Una carreggiata a doppio senso;Asciutto;In cubetti di porfido;Assente;Sereno;Normale;Buona;;0;0;0;2;12.453;41.8711;-1;2;Motociclo a solo;In marcia / fermata / arresto;Conducente;F;Illeso;0;;Non accertato;
5201836;16;16/12/2020 11:30:00;;VIA DEL FONTANILE ARENATO;in prossimit�;;del palo luce n.;2;;Veicolo in marcia contro veicolo in sosta;;;;;;;;;;0;0;0;2;;;0;1;Autovettura privata;In marcia / fermata / arresto;Conducente;M;Illeso;0;;;
5201836;16;16/12/2020 11:30:00;;VIA DEL FONTANILE ARENATO;in prossimit�;;del palo luce n.;2;;Veicolo in marcia contro veicolo in sosta;;;;;;;;;;0;0;0;2;;;0;2;Autovettura privata;In marcia / fermata / arresto;Conducente;M;Illeso;0;;;