Protocollo;Gruppo;DataOraIncidente;Localizzazione1;STRADA1;Localizzazione2;STRADA2;Strada02;Chilometrica;DaSpecificare;NaturaIncidente;particolaritastrade;TipoStrada;FondoStradale;Pavimentazione;Segnaletica;CondizioneAtmosferica;Traffico;Visibilita;Illuminazione;NUM_FERITI;NUM_RISERVATA;NUM_MORTI;NUM_ILLESI;Longitudine;Latitudine;Confermato;Progressivo;TipoVeicolo;StatoVeicolo;TipoPersona;Sesso;Tipolesione;Deceduto;DecedutoDopo;CinturaCascoUtilizzato;Airbag;
5202224;20;17/12/2020 17:30:00;Strada Urbana;PIAZZA DEI GIUOCHI DELFICI;in prossimit�;;del civico n.;6;;Tamponamento Multiplo;Curva a visuale libera;Due carreggiate;Asciutto;Asfaltata;Verticale ed orizzontale;Sereno;Intenso;Buona;;1;0;0;1;12.4628;41.9483;0;4;Autovettura privata;Sosta;;;;;;;
5202224;20;17/12/2020 17:30:00;Strada Urbana;PIAZZA DEI GIUOCHI DELFICI;in prossimit�;;del civico n.;6;;Tamponamento Multiplo;Curva a visuale libera;Due carreggiate;Asciutto;Asfaltata;Verticale ed orizzontale;Sereno;Intenso;Buona;;1;0;0;1;12.4628;41.9483;0;5;Autovettura privata;Sosta;;;;;;;
5202225;20;17/12/2020 10:45:00;Provinciale entro l'abitato;VIA FLAMINIA NUOVA;da specificare;;;;PROSSIMITA' VIA BOMARZO;Tamponamento;Rettilineo;Una carreggiata a senso unico di marcia;Asciutto;Asfaltata;Verticale ed orizzontale;Sereno;Normale;Buona;;0;0;0;3;12.4792;41.9609;-1;1;Autovettura privata;In marcia / fermata / arresto;Conducente;M;Illeso;0;;Non accertato;Inesploso
5202225;20;17/12/2020 10:45:00;Provinciale entro l'abitato;VIA FLAMINIA NUOVA;da specificare;;;;PROSSIMITA' VIA BOMARZO;Tamponamento;Rettilineo;Una carreggiata a senso unico di marcia;Asciutto;Asfaltata;Verticale ed orizzontale;Sereno;Normale;Buona;;0;0;0;3;12.4792;41.9609;-1;1;Autovettura privata;In marcia / fermata / arresto;Passeggero;F;Illeso;0;;Non accertato;Inesploso
5202225;20;17/12/2020 10:45:00;Provinciale entro l'abitato;VIA FLAMINIA NUOVA;da specificare;;;;PROSSIMITA' VIA BOMARZO;Tamponamento;Rettilineo;Una carreggiata a senso unico di marcia;Asciutto;Asfaltata;Verticale ed orizzontale;Sereno;Normale;Buona;;0;0;0;3;12.4792;41.9609;-1;2;Autovettura privata;In marcia / fermata / arresto;Conducente;M;Illeso;0;;Non accertato;Inesploso
5202226;10;17/12/2020 10:00:00;Strada Urbana;VIA DELLE CAPANNELLE;in corrispondenza;;del civico n.;112;;Tamponamento;Rettilineo;Una carreggiata a doppio senso;Asciutto;Asfaltata;Verticale ed orizzontale;Sereno;Normale;Buona;;0;0;0;3;12.57;41.8346;-1;1;Autovettura privata;In marcia / fermata / arresto;Conducente;M;Illeso;0;;Non accertato;Inesploso
5202226;10;17/12/2020 10:00:00;Strada Urbana;VIA DELLE CAPANNELLE;in corrispondenza;;del civico n.;112;;Tamponamento;Rettilineo;Una carreggiata a doppio senso;Asciutto;Asfaltata;Verticale ed orizzontale;Sereno;Normale;Buona;;0;0;0;3;12.57;41.8346;-1;1;Autovettura privata;In marcia / fermata / arresto;Passeggero;F;Illeso;0;;Non accertato;Inesploso
5202226;10;17/12/2020 10:00:00;Strada Urbana;VIA DELLE CAPANNELLE;in corrispondenza;;del civico n.;112;;Tamponamento;Rettilineo;Una carreggiata a doppio senso;Asciutto;Asfaltata;Verticale ed orizzontale;Sereno;Normale;Buona;;0;0;0;3;12.57;41.8346;-1;2;Autovettura privata;In marcia / fermata / arresto;Conducente;M;Illeso;0;;;
5202229;12;17/12/2020 14:00:00;Provinciale;VIA DEL MARE;da specificare;;;;rampa uscita GRA dir Ostia;Scontro laterale fra veicoli in marcia;Pendenza;Una carreggiata a senso unico di marcia;Asciutto;Asfaltata;Verticale ed orizzontale;Sereno;Normale;Buona;;0;0;0;2;12.4632;41.8403;-1;1;Autovettura privata;In marcia / fermata / arresto;Conducente;F;Illeso;0;;Utilizzato;Inesploso
5202229;12;17/12/2020 14:00:00;Provinciale;VIA DEL MARE;da specificare;;;;rampa uscita GRA dir Ostia;Scontro laterale fra veicoli in marcia;Pendenza;Una carreggiata a senso unico di marcia;Asciutto;Asfaltata;Verticale ed orizzontale;Sereno;Normale;Buona;;0;0;0;2;12.4632;41.8403;-1;2;Motociclo a solo;In marcia / fermata / arresto;Conducente;M;Illeso;0;;Utilizzato;
5202231;10;17/12/2020 12:10:00;Strada Urbana;VIA DELLE CAPANNELLE;da specificare;;;;corsia imm. via pizzo di calabria fr. ippodromo ;Scontro laterale fra veicoli in marcia;Rettilineo;Una carreggiata a senso unico di marcia;Asciutto;Asfaltata;Verticale ed orizzontale;Sereno;Scarso;Buona;;0;0;0;2;12.5631;41.8258;-1;1;Motociclo con passeggero;In marcia / fermata / arresto;Conducente;M;Illeso;0;;Utilizzato;
5202231;10;17/12/2020 12:10:00;Strada Urbana;VIA DELLE CAPANNELLE;da specificare;;;;corsia imm. via pizzo di calabria fr. ippodromo ;Scontro laterale fra veicoli in marcia;Rettilineo;Una carreggiata a senso unico di marcia;Asciutto;Asfaltata;Verticale ed orizzontale;Sereno;Scarso;Buona;;0;0;0;2;12.5631;41.8258;-1;2;Autovettura privata;In marcia / fermata / arresto;Conducente;M;Illeso;0;;Non accertato;Inesploso
5202232;19;16/12/2020 15:10:00;Comunale extraurbana;VIA DI BOCCEA;in prossimit�;;del civico n.;1036;;Fuoriuscita dalla sede stradale;Curva senza visuale libera;Una carreggiata a doppio senso;Asciutto;Asfaltata;Orizzontale;Sereno;Scarso;Buona;;0;0;0;1;12.3394;41.9342;-1;1;Autocarro inferiore 35 q.;In marcia / fermata / arresto;Conducente;M;Illeso;0;;;
5202238;6;17/12/2020 13:20:00;Strada Urbana;VIA COLLATINA;all'intersezione con;PIAZZA VINCENZO MANGANO;PIAZZA VINCENZO MANGANO;;;Scontro laterale fra veicoli in marcia;Incrocio;Una carreggiata a doppio senso;Asciutto;Asfaltata;Verticale ed orizzontale;Sereno;Normale;Buona;;0;0;0;3;12.5665;41.9003;-1;1;Autovettura privata;In marcia / fermata / arresto;Conducente;F;Illeso;0;;Non accertato;Inesploso
5202238;6;17/12/2020 13:20:00;Strada Urbana;VIA COLLATINA;all'intersezione con;PIAZZA VINCENZO MANGANO;PIAZZA VINCENZO MANGANO;;;Scontro laterale fra veicoli in marcia;Incrocio;Una carreggiata a doppio senso;Asciutto;Asfaltata;Verticale ed orizzontale;Sereno;Normale;Buona;;0;0;0;3;12.5665;41.9003;-1;1;Autovettura privata;In marcia / fermata / arresto;Passeggero;F;Illeso;0;;Non accertato;Inesploso
5202238;6;17/12/2020 13:20:00;Strada Urbana;VIA COLLATINA;all'intersezione con;PIAZZA VINCENZO MANGANO;PIAZZA VINCENZO MANGANO;;;Scontro laterale fra veicoli in marcia;Incrocio;Una carreggiata a doppio senso;Asciutto;Asfaltata;Verticale ed orizzontale;Sereno;Normale;Buona;;0;0;0;3;12.5665;41.9003;-1;2;Autovettura privata;In marcia / fermata / arresto;Conducente;M;Illeso;0;;Non accertato;Inesploso
5202242;19;16/12/2020 13:25:00;Strada Urbana;VIA TRIONFALE;in prossimit�;;del civico n.;8741;;Scontro laterale fra veicoli in marcia;Rettilineo;Due carreggiate;Asciutto;Asfaltata;Verticale ed orizzontale;Sereno;Normale;Buona;;0;0;0;2;12.4232;41.9404;-1;1;Autovettura privata;In marcia / fermata / arresto;Conducente;F;Illeso;0;;;
5202242;19;16/12/2020 13:25:00;Strada Urbana;VIA TRIONFALE;in prossimit�;;del civico n.;8741;;Scontro laterale fra veicoli in marcia;Rettilineo;Due carreggiate;Asciutto;Asfaltata;Verticale ed orizzontale;Sereno;Normale;Buona;;0;0;0;2;12.4232;41.9404;-1;2;Autocarro inferiore 35 q.;In marcia / fermata / arresto;Conducente;M;Illeso;0;;;
5202243;19;17/12/2020 14:00:00;Strada Urbana;VIA DEL QUARTACCIO;all'intersezione con;VIA DEL MONTE DELLA CAPANNA;VIA DEL MONTE DELLA CAPANNA;;;Scontro frontale/laterale DX fra veicoli in marcia;Incrocio;Una carreggiata a doppio senso;Asciutto;Asfaltata;Verticale ed orizzontale;Sereno;Normale;Buona;;1;0;0;1;12.3969;41.9216;-1;1;Autovettura privata;In marcia / fermata / arresto;Conducente;M;Illeso;0;;Non accertato;Inesploso
5202243;19;17/12/2020 14:00:00;Strada Urbana;VIA DEL QUARTACCIO;all'intersezione con;VIA DEL MONTE DELLA CAPANNA;VIA DEL MONTE DELLA CAPANNA;;;Scontro frontale/laterale DX fra veicoli in marcia;Incrocio;Una carreggiata a doppio senso;Asciutto;Asfaltata;Verticale ed orizzontale;Sereno;Normale;Buona;;1;0;0;1;12.3969;41.9216;-1;2;Motociclo a solo;In marcia / fermata / arresto;Conducente;M;Rimandato;0;NON DECEDUTO;Utilizzato;
5202244;10;17/12/2020 12:45:00;Strada Urbana;VIALE BRUNO PELIZZI;all'intersezione con;VIA RAIMONDO SCINTU;VIA RAIMONDO SCINTU;;;Scontro laterale fra veicoli in marcia;Rotatoria;Una carreggiata a senso unico di marcia;Asciutto;Asfaltata;Verticale ed orizzontale;Sereno;Normale;Buona;;0;0;0;3;12.5824;41.8524;-1;1;Autovettura privata;In marcia / fermata / arresto;Conducente;F;Illeso;0;;Non accertato;Inesploso
5202244;10;17/12/2020 12:45:00;Strada Urbana;VIALE BRUNO PELIZZI;all'intersezione con;VIA RAIMONDO SCINTU;VIA RAIMONDO SCINTU;;;Scontro laterale fra veicoli in marcia;Rotatoria;Una carreggiata a senso unico di marcia;Asciutto;Asfaltata;Verticale ed orizzontale;Sereno;Normale;Buona;;0;0;0;3;12.5824;41.8524;-1;2;Autovettura privata;In marcia / fermata / arresto;Conducente;M;Illeso;0;;Non accertato;Inesploso
5202244;10;17/12/2020 12:45:00;Strada Urbana;VIALE BRUNO PELIZZI;all'intersezione con;VIA RAIMONDO SCINTU;VIA RAIMONDO SCINTU;;;Scontro laterale fra veicoli in marcia;Rotatoria;Una carreggiata a senso unico di marcia;Asciutto;Asfaltata;Verticale ed orizzontale;Sereno;Normale;Buona;;0;0;0;3;12.5824;41.8524;-1;2;Autovettura privata;In marcia / fermata / arresto;Passeggero;F;Illeso;0;;Non accertato;Inesploso
5202245;20;17/12/2020 06:30:00;Strada Urbana;VIALE DELLE MEDAGLIE D'ORO;in corrispondenza;;del civico n.;416;;Investimento di pedone;Rettilineo;Una carreggiata a doppio senso;Asciutto;Asfaltata;Orizzontale;Sereno;Normale;Buona;;1;0;0;1;12.4458;41.9229;-1;;;;Pedone;M;Rimandato;0;NON DECEDUTO;;
5202245;20;17/12/2020 06:30:00;Strada Urbana;VIALE DELLE MEDAGLIE D'ORO;in corrispondenza;;del civico n.;416;;Investimento di pedone;Rettilineo;Una carreggiata a doppio senso;Asciutto;Asfaltata;Orizzontale;Sereno;Normale;Buona;;1;0;0;1;12.4458;41.9229;-1;1;Autovettura privata;In marcia / fermata / arresto;Conducente;M;Illeso;0;;Non accertato;Inesploso
5202246;7;17/12/2020 20:05:00;Strada Urbana;VIA ANTONIO SANTORO;in prossimit�;;del civico n.;26;;Veicolo in marcia contro veicolo in sosta;Rettilineo;Una carreggiata a senso unico di marcia;Asciutto;Asfaltata;Assente;Sereno;Scarso;Sufficiente;;0;0;0;1;12.5854;41.892;-1;1;Motociclo a solo;Sosta;;;;;;;
5202246;7;17/12/2020 20:05:00;Strada Urbana;VIA ANTONIO SANTORO;in prossimit�;;del civico n.;26;;Veicolo in marcia contro veicolo in sosta;Rettilineo;Una carreggiata a senso unico di marcia;Asciutto;Asfaltata;Assente;Sereno;Scarso;Sufficiente;;0;0;0;1;12.5854;41.892;-1;2;Autovettura privata;In marcia / fermata / arresto;Conducente;M;Illeso;0;;;
5202253;6;17/12/2020 05:30:00;Strada Urbana;VIA TOR DE' SCHIAVI;in corrispondenza;;del civico n.;289;;Veicolo in marcia contro veicolo in sosta;Rettilineo;Due carreggiate;Asciutto;Asfaltata;Verticale ed orizzontale;Sereno;Scarso;Buona;;0;0;0;1;12.5602;41.8911;-1;1;Autocarro inferiore 35 q.;In marcia / fermata / arresto;Conducente;M;Illeso;0;;;
5202253;6;17/12/2020 05:30:00;Strada Urbana;VIA TOR DE' SCHIAVI;in corrispondenza;;del civico n.;289;;Veicolo in marcia contro veicolo in sosta;Rettilineo;Due carreggiate;Asciutto;Asfaltata;Verticale ed orizzontale;Sereno;Scarso;Buona;;0;0;0;1;12.5602;41.8911;-1;2;Autovettura privata;Sosta;;;;;;;
5202254;17;17/12/2020 23:05:00;Strada Urbana;VIA ANGELO EMO;in corrispondenza;;del civico n.;8 A;;Scontro laterale fra veicoli in marcia;Rettilineo;Una carreggiata a senso unico di marcia;Asciutto;Asfaltata;Verticale ed orizzontale;Sereno;Scarso;Sufficiente;;1;0;0;1;12.4485;41.9064;-1;1;Autovettura privata;In marcia / fermata / arresto;Conducente;M;Illeso;0;;Non accertato;Inesploso
5202254;17;17/12/2020 23:05:00;Strada Urbana;VIA ANGELO EMO;in corrispondenza;;del civico n.;8 A;;Scontro laterale fra veicoli in marcia;Rettilineo;Una carreggiata a senso unico di marcia;Asciutto;Asfaltata;Verticale ed orizzontale;Sereno;Scarso;Sufficiente;;1;0;0;1;12.4485;41.9064;-1;2;Motociclo a solo;In marcia / fermata / arresto;Conducente;M;Rimandato;0;NON DECEDUTO;;
5202254;17;17/12/2020 23:05:00;Strada Urbana;VIA ANGELO EMO;in corrispondenza;;del civico n.;8 A;;Scontro laterale fra veicoli in marcia;Rettilineo;Una carreggiata a senso unico di marcia;Asciutto;Asfaltata;Verticale ed orizzontale;Sereno;Scarso;Sufficiente;;1;0;0;1;12.4485;41.9064;-1;3;Autovettura privata;Sosta;;;;;;;
5202257;4;17/12/2020 18:00:00;Strada Urbana;VIA PASSO DEL TURCHINO;in corrispondenza;;del civico n.;FR 22;;Scontro frontale fra veicoli in marcia;Rettilineo;Una carreggiata a doppio senso;Asciutto;Asfaltata;Verticale ed orizzontale;Sereno;Scarso;Buona;;1;0;0;1;12.5379;41.9505;-1;1;Autovettura privata;In marcia / fermata / arresto;Conducente;M;Illeso;0;;Non accertato;Inesploso
5202257;4;17/12/2020 18:00:00;Strada Urbana;VIA PASSO DEL TURCHINO;in corrispondenza;;del civico n.;FR 22;;Scontro frontale fra veicoli in marcia;Rettilineo;Una carreggiata a doppio senso;Asciutto;Asfaltata;Verticale ed orizzontale;Sereno;Scarso;Buona;;1;0;0;1;12.5379;41.9505;-1;2;Motociclo a solo;In marcia / fermata / arresto;Conducente;M;Ricoverato;0;NON DECEDUTO;Non accertato;
5202258;19;17/12/2020 16:30:00;Strada Urbana;VIA DI SELVA CANDIDA;all'intersezione con;VIA NOSATE;VIA NOSATE;;;Scontro frontale/laterale DX fra veicoli in marcia;Incrocio;Una carreggiata a doppio senso;Asciutto;Asfaltata;Orizzontale;Sereno;Normale;Buona;;0;0;0;1;12.3773;41.9344;-1;1;Motociclo a solo;In marcia / fermata / arresto;Conducente;M;Illeso;0;;;
5202258;19;17/12/2020 16:30:00;Strada Urbana;VIA DI SELVA CANDIDA;all'intersezione con;VIA NOSATE;VIA NOSATE;;;Scontro frontale/laterale DX fra veicoli in marcia;Incrocio;Una carreggiata a doppio senso;Asciutto;Asfaltata;Orizzontale;Sereno;Normale;Buona;;0;0;0;1;12.3773;41.9344;-1;2;Autovettura privata;Allontanatosi;;;;;;;
5202261;19;16/12/2020 12:00:00;Strada Urbana;VIA ATTILIO FRIGGERI;in prossimit�;;del civico n.;93;;Veicolo in marcia contro veicolo arresto;Rettilineo;Una carreggiata a doppio senso;Asciutto;Asfaltata;Verticale ed orizzontale;Sereno;Normale;Buona;;0;0;0;2;12.4401;41.9199;-1;1;Autovettura privata;In marcia / fermata / arresto;Conducente;M;Illeso;0;;;
5202261;19;16/12/2020 12:00:00;Strada Urbana;VIA ATTILIO FRIGGERI;in prossimit�;;del civico n.;93;;Veicolo in marcia contro veicolo arresto;Rettilineo;Una carreggiata a doppio senso;Asciutto;Asfaltata;Verticale ed orizzontale;Sereno;Normale;Buona;;0;0;0;2;12.4401;41.9199;-1;2;Autovettura privata;In marcia / fermata / arresto;Conducente;F;Illeso;0;;;
5202263;6;17/12/2020 16:10:00;Strada Urbana;PIAZZA DEL PIGNETO;in corrispondenza;;del civico n.;88b;;Scontro frontale/laterale SX fra veicoli in marcia;Rettilineo;Due carreggiate;Asciutto;Asfaltata;Verticale ed orizzontale;Sereno;Intenso;Buona;;1;0;0;2;12.5224;41.8892;-1;1;Autovettura privata;In marcia / fermata / arresto;Conducente;M;Illeso;0;;;
5202263;6;17/12/2020 16:10:00;Strada Urbana;PIAZZA DEL PIGNETO;in corrispondenza;;del civico n.;88b;;Scontro frontale/laterale SX fra veicoli in marcia;Rettilineo;Due carreggiate;Asciutto;Asfaltata;Verticale ed orizzontale;Sereno;Intenso;Buona;;1;0;0;2;12.5224;41.8892;-1;2;Motociclo a solo;In marcia / fermata / arresto;Conducente;M;Rifiuta cure immediate;0;NON DECEDUTO;Non accertato;
5202263;6;17/12/2020 16:10:00;Strada Urbana;PIAZZA DEL PIGNETO;in corrispondenza;;del civico n.;88b;;Scontro frontale/laterale SX fra veicoli in marcia;Rettilineo;Due carreggiate;Asciutto;Asfaltata;Verticale ed orizzontale;Sereno;Intenso;Buona;;1;0;0;2;12.5224;41.8892;-1;2;Motociclo a solo;In marcia / fermata / arresto;Passeggero;F;Illeso;0;;Non accertato;
5202265;19;17/12/2020 17:15:00;Strada Urbana;VIA DELLA VALLE DEI FONTANILI;da specificare;;;;in prossimita di via dei Dumas;Tamponamento;Rettilineo;Una carreggiata a doppio senso;Asciutto;Asfaltata;Orizzontale;Sereno;Intenso;Buona;;1;0;0;3;12.4062;41.9267;-1;1;Autovettura privata;In marcia / fermata / arresto;Conducente;M;Illeso;0;;Non accertato;Inesploso
5202265;19;17/12/2020 17:15:00;Strada Urbana;VIA DELLA VALLE DEI FONTANILI;da specificare;;;;in prossimita di via dei Dumas;Tamponamento;Rettilineo;Una carreggiata a doppio senso;Asciutto;Asfaltata;Orizzontale;Sereno;Intenso;Buona;;1;0;0;3;12.4062;41.9267;-1;2;Autovettura privata;In marcia / fermata / arresto;Conducente;M;Illeso;0;;Non accertato;Inesploso
5202265;19;17/12/2020 17:15:00;Strada Urbana;VIA DELLA VALLE DEI FONTANILI;da specificare;;;;in prossimita di via dei Dumas;Tamponamento;Rettilineo;Una carreggiata a doppio senso;Asciutto;Asfaltata;Orizzontale;Sereno;Intenso;Buona;;1;0;0;3;12.4062;41.9267;-1;2;Autovettura privata;In marcia / fermata / arresto;Passeggero;F;Rifiuta cure immediate;0;NON DECEDUTO;Non accertato;Inesistente
5202265;19;17/12/2020 17:15:00;Strada Urbana;VIA DELLA VALLE DEI FONTANILI;da specificare;;;;in prossimita di via dei Dumas;Tamponamento;Rettilineo;Una carreggiata a doppio senso;Asciutto;Asfaltata;Orizzontale;Sereno;Intenso;Buona;;1;0;0;3;12.4062;41.9267;-1;2;Autovettura privata;In marcia / fermata / arresto;Passeggero;F;Illeso;0;;Non accertato;Inesploso
5202274;19;17/12/2020 18:30:00;Strada Urbana;VIA TORRESINA;all'intersezione con;VIA ANDREA BARBATO;VIA ANDREA BARBATO;;;Scontro frontale/laterale DX fra veicoli in marcia;Incrocio;Una carreggiata a senso unico di marcia;Asciutto;Asfaltata;Verticale ed orizzontale;Sereno;Normale;Buona;;1;0;0;2;12.4019;41.9308;-1;1;Autovettura privata;In marcia / fermata / arresto;Conducente;M;Illeso;0;;Non accertato;Inesploso
5202274;19;17/12/2020 18:30:00;Strada Urbana;VIA TORRESINA;all'intersezione con;VIA ANDREA BARBATO;VIA ANDREA BARBATO;;;Scontro frontale/laterale DX fra veicoli in marcia;Incrocio;Una carreggiata a senso unico di marcia;Asciutto;Asfaltata;Verticale ed orizzontale;Sereno;Normale;Buona;;1;0;0;2;12.4019;41.9308;-1;1;Autovettura privata;In marcia / fermata / arresto;Passeggero;M;Illeso;0;;Non accertato;Inesploso
5202274;19;17/12/2020 18:30:00;Strada Urbana;VIA TORRESINA;all'intersezione con;VIA ANDREA BARBATO;VIA ANDREA BARBATO;;;Scontro frontale/laterale DX fra veicoli in marcia;Incrocio;Una carreggiata a senso unico di marcia;Asciutto;Asfaltata;Verticale ed orizzontale;Sereno;Normale;Buona;;1;0;0;2;12.4019;41.9308;-1;2;Autovettura privata;In marcia / fermata / arresto;Conducente;F;Ricoverato;0;NON DECEDUTO;Non accertato;Inesploso
5202280;19;16/12/2020 12:55:00;Strada Urbana;VIA COGOLETO;in prossimit�;;del civico n.;13;;Scontro frontale/laterale SX fra veicoli in marcia;Rettilineo;Una carreggiata a doppio senso;Asciutto;Asfaltata;Verticale ed orizzontale;Sereno;Normale;Buona;;0;0;0;2;12.4233;41.9299;-1;1;Autovettura privata;In marcia / fermata / arresto;Conducente;M;Illeso;0;;Non accertato;Inesploso
5202280;19;16/12/2020 12:55:00;Strada Urbana;VIA COGOLETO;in prossimit�;;del civico n.;13;;Scontro frontale/laterale SX fra veicoli in marcia;Rettilineo;Una carreggiata a doppio senso;Asciutto;Asfaltata;Verticale ed orizzontale;Sereno;Normale;Buona;;0;0;0;2;12.4233;41.9299;-1;2;Autovettura privata;In marcia / fermata / arresto;Conducente;F;Illeso;0;;Non accertato;Inesploso
5202291;1;17/12/2020 18:56:00;Strada Urbana;VIALE DELLE TERME DI CARACALLA;all'intersezione semaforizzata con;VIA ANTONINA;VIA ANTONINA;;;Tamponamento;Intersezione semaforizzata;Pi� di due carreggiate;Asciutto;Asfaltata;Verticale ed orizzontale;Sereno;Normale;Buona;;0;0;0;2;12.4953;41.8795;-1;1;Autovettura privata;In marcia / fermata / arresto;Conducente;M;Illeso;0;;Non accertato;Inesploso
5202291;1;17/12/2020 18:56:00;Strada Urbana;VIALE DELLE TERME DI CARACALLA;all'intersezione semaforizzata con;VIA ANTONINA;VIA ANTONINA;;;Tamponamento;Intersezione semaforizzata;Pi� di due carreggiate;Asciutto;Asfaltata;Verticale ed orizzontale;Sereno;Normale;Buona;;0;0;0;2;12.4953;41.8795;-1;2;Autovettura privata;In marcia / fermata / arresto;Conducente;F;Illeso;0;;;
5202293;12;17/12/2020 21:16:00;Regionale;VIA PONTINA;in corrispondenza;;della chilometrica;20.5;;Fuoriuscita dalla sede stradale;Rettilineo;Due carreggiate;Bagnato (umidit� in atto);Asfaltata;Verticale ed orizzontale;Sereno;Scarso;Sufficiente;;1;0;0;0;12.4522;41.7941;-1;1;Autovettura privata;In marcia / fermata / arresto;Conducente;M;Rimandato;0;NON DECEDUTO;Non accertato;Inesploso
5202296;6;17/12/2020 16:10:00;Strada Urbana;VIA PRENESTINA;in prossimit�;;del civico n.;117;;Scontro laterale fra veicoli in marcia;Rettilineo;Pi� di due carreggiate;Asciutto;Asfaltata;Verticale ed orizzontale;Sereno;Normale;Buona;;1;0;0;1;12.5324;41.8923;0;1;Motociclo a solo;In marcia / fermata / arresto;Conducente;M;Rimandato;0;NON DECEDUTO;;
5202296;6;17/12/2020 16:10:00;Strada Urbana;VIA PRENESTINA;in prossimit�;;del civico n.;117;;Scontro laterale fra veicoli in marcia;Rettilineo;Pi� di due carreggiate;Asciutto;Asfaltata;Verticale ed orizzontale;Sereno;Normale;Buona;;1;0;0;1;12.5324;41.8923;0;2;Autovettura privata;In marcia / fermata / arresto;Conducente;M;Illeso;0;;;
5202297;7;17/12/2020 09:40:00;Strada Urbana;VIA SANTI ROMANO;in corrispondenza;;del civico n.;1;;Scontro laterale fra veicoli in marcia;Rettilineo;Una carreggiata a doppio senso;Asciutto;Asfaltata;Orizzontale;Sereno;Normale;Buona;;0;0;0;2;12.5677;41.8624;-1;1;Autovettura privata;In marcia / fermata / arresto;Conducente;M;Illeso;0;;Non accertato;Inesploso
5202297;7;17/12/2020 09:40:00;Strada Urbana;VIA SANTI ROMANO;in corrispondenza;;del civico n.;1;;Scontro laterale fra veicoli in marcia;Rettilineo;Una carreggiata a doppio senso;Asciutto;Asfaltata;Orizzontale;Sereno;Normale;Buona;;0;0;0;2;12.5677;41.8624;-1;2;Motociclo a solo;In marcia / fermata / arresto;Conducente;M;Illeso;0;;Non accertato;
5202297;7;17/12/2020 09:40:00;Strada Urbana;VIA SANTI ROMANO;in corrispondenza;;del civico n.;1;;Scontro laterale fra veicoli in marcia;Rettilineo;Una carreggiata a doppio senso;Asciutto;Asfaltata;Orizzontale;Sereno;Normale;Buona;;0;0;0;2;12.5677;41.8624;-1;3;Autovettura privata;Sosta;;;;;;;
5202300;13;17/12/2020 17:00:00;Strada Urbana;VIA DELL'APPAGLIATORE;all'intersezione con;VIA DI NOSTRA SIGNORA DI BONARIA;VIA DI NOSTRA SIGNORA DI BONARIA;;;Scontro frontale/laterale DX fra veicoli in marcia;Incrocio;Una carreggiata a doppio senso;Asciutto;Asfaltata;Verticale ed orizzontale;Sereno;Normale;Sufficiente;;0;0;0;3;12.2646;41.7389;-1;1;Autovettura privata;In marcia / fermata / arresto;Conducente;M;Illeso;0;;Non accertato;Inesploso
5202300;13;17/12/2020 17:00:00;Strada Urbana;VIA DELL'APPAGLIATORE;all'intersezione con;VIA DI NOSTRA SIGNORA DI BONARIA;VIA DI NOSTRA SIGNORA DI BONARIA;;;Scontro frontale/laterale DX fra veicoli in marcia;Incrocio;Una carreggiata a doppio senso;Asciutto;Asfaltata;Verticale ed orizzontale;Sereno;Normale;Sufficiente;;0;0;0;3;12.2646;41.7389;-1;2;Autovettura privata;In marcia / fermata / arresto;Conducente;M;Illeso;0;;Non accertato;Inesploso
5202300;13;17/12/2020 17:00:00;Strada Urbana;VIA DELL'APPAGLIATORE;all'intersezione con;VIA DI NOSTRA SIGNORA DI BONARIA;VIA DI NOSTRA SIGNORA DI BONARIA;;;Scontro frontale/laterale DX fra veicoli in marcia;Incrocio;Una carreggiata a doppio senso;Asciutto;Asfaltata;Verticale ed orizzontale;Sereno;Normale;Sufficiente;;0;0;0;3;12.2646;41.7389;-1;2;Autovettura privata;In marcia / fermata / arresto;Passeggero;F;Illeso;0;;Non accertato;Inesploso
5202308;19;16/12/2020 08:00:00;Strada Urbana;VIA BENEDETTO ALOISI MASELLA;in prossimit�;;del civico n.;55;;Scontro frontale/laterale SX fra veicoli in marcia;Curva a visuale libera;Una carreggiata a doppio senso;Asciutto;Asfaltata;Orizzontale;Sereno;Normale;Buona;;0;0;0;2;12.4092;41.915;-1;1;Autovettura privata;In marcia / fermata / arresto;Conducente;F;Illeso;0;;Non accertato;Esploso
5202308;19;16/12/2020 08:00:00;Strada Urbana;VIA BENEDETTO ALOISI MASELLA;in prossimit�;;del civico n.;55;;Scontro frontale/laterale SX fra veicoli in marcia;Curva a visuale libera;Una carreggiata a doppio senso;Asciutto;Asfaltata;Orizzontale;Sereno;Normale;Buona;;0;0;0;2;12.4092;41.915;-1;2;Autovettura privata;In marcia / fermata / arresto;Conducente;M;Illeso;0;;Non accertato;Inesploso
5202321;2;17/12/2020 07:40:00;Strada Urbana;CORSO TRIESTE;in prossimit�;;del civico n.;193;;Veicolo in marcia contro veicoli in sosta;Rettilineo;Due carreggiate;Asciutto;Asfaltata;Verticale ed orizzontale;Sereno;Scarso;Buona;;0;0;0;0;12.5154;41.924;-1;1;Autovettura privata;Sosta;;;;;;;
5202321;2;17/12/2020 07:40:00;Strada Urbana;CORSO TRIESTE;in prossimit�;;del civico n.;193;;Veicolo in marcia contro veicoli in sosta;Rettilineo;Due carreggiate;Asciutto;Asfaltata;Verticale ed orizzontale;Sereno;Scarso;Buona;;0;0;0;0;12.5154;41.924;-1;2;Autovettura privata;Sosta;;;;;;;