Protocollo;Gruppo;DataOraIncidente;Localizzazione1;STRADA1;Localizzazione2;STRADA2;Strada02;Chilometrica;DaSpecificare;NaturaIncidente;particolaritastrade;TipoStrada;FondoStradale;Pavimentazione;Segnaletica;CondizioneAtmosferica;Traffico;Visibilita;Illuminazione;NUM_FERITI;NUM_RISERVATA;NUM_MORTI;NUM_ILLESI;Longitudine;Latitudine;Confermato;Progressivo;TipoVeicolo;StatoVeicolo;TipoPersona;Sesso;Tipolesione;Deceduto;DecedutoDopo;CinturaCascoUtilizzato;Airbag;
5206571;15;21/12/2020 08:55:00;Strada Urbana;VIA DELLA PISANA;all'intersezione con;VIA DEI VALDERETTI;VIA DEI VALDERETTI;;;Scontro frontale/laterale DX fra veicoli in marcia;Intersezione non regolata/non segnalata;Una carreggiata a doppio senso;Asciutto;Asfaltata;Orizzontale;Sereno;Normale;Buona;;0;0;0;3;12.389;41.8577;-1;1;Autovettura privata;In marcia / fermata / arresto;Conducente;F;Illeso;0;;Non accertato;Inesploso
5206571;15;21/12/2020 08:55:00;Strada Urbana;VIA DELLA PISANA;all'intersezione con;VIA DEI VALDERETTI;VIA DEI VALDERETTI;;;Scontro frontale/laterale DX fra veicoli in marcia;Intersezione non regolata/non segnalata;Una carreggiata a doppio senso;Asciutto;Asfaltata;Orizzontale;Sereno;Normale;Buona;;0;0;0;3;12.389;41.8577;-1;1;Autovettura privata;In marcia / fermata / arresto;Passeggero;F;Illeso;0;;Non accertato;Inesploso
5206571;15;21/12/2020 08:55:00;Strada Urbana;VIA DELLA PISANA;all'intersezione con;VIA DEI VALDERETTI;VIA DEI VALDERETTI;;;Scontro frontale/laterale DX fra veicoli in marcia;Intersezione non regolata/non segnalata;Una carreggiata a doppio senso;Asciutto;Asfaltata;Orizzontale;Sereno;Normale;Buona;;0;0;0;3;12.389;41.8577;-1;2;Autovettura privata;In marcia / fermata / arresto;Conducente;M;Illeso;0;;Non accertato;Inesploso
5206623;18;21/12/2020 09:50:00;Strada Urbana;VIA DI BOCCEA;in corrispondenza;;del civico n.;332;;Ribaltamento senza urto contro ostacolo fisso;Rettilineo;Una carreggiata a doppio senso;Asciutto;Asfaltata;Verticale ed orizzontale;Sereno;Intenso;Buona;;1;0;0;1;12.4152;41.9034;-1;1;Motociclo a solo;In marcia / fermata / arresto;Conducente;F;Illeso;0;;;
5206623;18;21/12/2020 09:50:00;Strada Urbana;VIA DI BOCCEA;in corrispondenza;;del civico n.;332;;Ribaltamento senza urto contro ostacolo fisso;Rettilineo;Una carreggiata a doppio senso;Asciutto;Asfaltata;Verticale ed orizzontale;Sereno;Intenso;Buona;;1;0;0;1;12.4152;41.9034;-1;2;Motociclo a solo;In marcia / fermata / arresto;Conducente;M;Rimandato;0;NON DECEDUTO;;
5206650;13;21/12/2020 08:15:00;Comunale extraurbana;VIALE CRISTOFORO COLOMBO;da specificare;;;;prossimit� di via Ermanno W. Ferrari;Scontro laterale fra veicoli in marcia;Rettilineo;Pi� di due carreggiate;Asciutto;Asfaltata;Verticale ed orizzontale;Sereno;Normale;Buona;;1;0;0;2;12.4536;41.8089;-1;1;Motociclo a solo;In marcia / fermata / arresto;Conducente;M;Rimandato;0;NON DECEDUTO;Non accertato;
5206650;13;21/12/2020 08:15:00;Comunale extraurbana;VIALE CRISTOFORO COLOMBO;da specificare;;;;prossimit� di via Ermanno W. Ferrari;Scontro laterale fra veicoli in marcia;Rettilineo;Pi� di due carreggiate;Asciutto;Asfaltata;Verticale ed orizzontale;Sereno;Normale;Buona;;1;0;0;2;12.4536;41.8089;-1;2;Autovettura privata;In marcia / fermata / arresto;Conducente;M;Illeso;0;;Non accertato;Inesploso
5206650;13;21/12/2020 08:15:00;Comunale extraurbana;VIALE CRISTOFORO COLOMBO;da specificare;;;;prossimit� di via Ermanno W. Ferrari;Scontro laterale fra veicoli in marcia;Rettilineo;Pi� di due carreggiate;Asciutto;Asfaltata;Verticale ed orizzontale;Sereno;Normale;Buona;;1;0;0;2;12.4536;41.8089;-1;2;Autovettura privata;In marcia / fermata / arresto;Passeggero;F;Illeso;0;;Non accertato;Inesploso
5206682;13;21/12/2020 08:50:00;Strada Urbana;VIA DI ACILIA;all'intersezione con;VIA GIANFILIPPO USELLINI;VIA GIANFILIPPO USELLINI;;;Scontro frontale/laterale DX fra veicoli in marcia;Incrocio;Una carreggiata a doppio senso;Asciutto;Asfaltata;Verticale ed orizzontale;Sereno;Intenso;Buona;;1;0;0;1;12.3714;41.7737;-1;1;Motociclo a solo;In marcia / fermata / arresto;Conducente;M;Ricoverato;0;NON DECEDUTO;;
5206682;13;21/12/2020 08:50:00;Strada Urbana;VIA DI ACILIA;all'intersezione con;VIA GIANFILIPPO USELLINI;VIA GIANFILIPPO USELLINI;;;Scontro frontale/laterale DX fra veicoli in marcia;Incrocio;Una carreggiata a doppio senso;Asciutto;Asfaltata;Verticale ed orizzontale;Sereno;Intenso;Buona;;1;0;0;1;12.3714;41.7737;-1;2;Autovettura privata;In marcia / fermata / arresto;Conducente;M;Illeso;0;;;
5206685;12;21/12/2020 08:05:00;Strada Urbana;PIAZZALE SS. PIETRO E PAOLO;in prossimit�;;del civico n.;10;;Scontro laterale fra veicoli in marcia;Rettilineo;Una carreggiata a doppio senso;Asciutto;Asfaltata;Verticale ed orizzontale;Sereno;Scarso;Buona;;0;0;0;2;12.459;41.8331;-1;1;Autovettura privata;In marcia / fermata / arresto;Conducente;M;Illeso;0;;Utilizzato;Inesploso
5206685;12;21/12/2020 08:05:00;Strada Urbana;PIAZZALE SS. PIETRO E PAOLO;in prossimit�;;del civico n.;10;;Scontro laterale fra veicoli in marcia;Rettilineo;Una carreggiata a doppio senso;Asciutto;Asfaltata;Verticale ed orizzontale;Sereno;Scarso;Buona;;0;0;0;2;12.459;41.8331;-1;2;Autovettura privata;In marcia / fermata / arresto;Conducente;M;Illeso;0;;Utilizzato;Inesploso
5206689;18;21/12/2020 11:00:00;Strada Urbana;VIA DI ACQUAFREDDA;in prossimit�;;del civico n.;422;;Tamponamento;Rettilineo;Una carreggiata a doppio senso;Asciutto;Asfaltata;Assente;Sereno;Normale;Buona;;1;0;0;1;12.396;41.893;-1;1;Autocarro inferiore 35 q.;In marcia / fermata / arresto;Conducente;M;Illeso;0;;Non accertato;
5206689;18;21/12/2020 11:00:00;Strada Urbana;VIA DI ACQUAFREDDA;in prossimit�;;del civico n.;422;;Tamponamento;Rettilineo;Una carreggiata a doppio senso;Asciutto;Asfaltata;Assente;Sereno;Normale;Buona;;1;0;0;1;12.396;41.893;-1;2;Motociclo a solo;In marcia / fermata / arresto;Conducente;M;Rimandato;0;NON DECEDUTO;Non accertato;
5206719;12;21/12/2020 08:30:00;Strada Urbana;VIA ALVARO DEL PORTILLO;da specificare;;;;FRONTE CIV. 57;Tamponamento Multiplo;Rettilineo;Una carreggiata a doppio senso;Asciutto;Asfaltata;Verticale ed orizzontale;Sereno;Normale;Buona;;1;0;0;4;12.4697;41.7761;-1;1;Autovettura privata;In marcia / fermata / arresto;Conducente;F;Rimandato;0;NON DECEDUTO;Non accertato;Inesploso
5206719;12;21/12/2020 08:30:00;Strada Urbana;VIA ALVARO DEL PORTILLO;da specificare;;;;FRONTE CIV. 57;Tamponamento Multiplo;Rettilineo;Una carreggiata a doppio senso;Asciutto;Asfaltata;Verticale ed orizzontale;Sereno;Normale;Buona;;1;0;0;4;12.4697;41.7761;-1;2;Autovettura privata;In marcia / fermata / arresto;Conducente;F;Illeso;0;;;
5206719;12;21/12/2020 08:30:00;Strada Urbana;VIA ALVARO DEL PORTILLO;da specificare;;;;FRONTE CIV. 57;Tamponamento Multiplo;Rettilineo;Una carreggiata a doppio senso;Asciutto;Asfaltata;Verticale ed orizzontale;Sereno;Normale;Buona;;1;0;0;4;12.4697;41.7761;-1;2;Autovettura privata;In marcia / fermata / arresto;Passeggero;F;Illeso;0;;Utilizzato;Inesploso
5206719;12;21/12/2020 08:30:00;Strada Urbana;VIA ALVARO DEL PORTILLO;da specificare;;;;FRONTE CIV. 57;Tamponamento Multiplo;Rettilineo;Una carreggiata a doppio senso;Asciutto;Asfaltata;Verticale ed orizzontale;Sereno;Normale;Buona;;1;0;0;4;12.4697;41.7761;-1;2;Autovettura privata;In marcia / fermata / arresto;Passeggero;F;Illeso;0;;Utilizzato;Inesploso
5206719;12;21/12/2020 08:30:00;Strada Urbana;VIA ALVARO DEL PORTILLO;da specificare;;;;FRONTE CIV. 57;Tamponamento Multiplo;Rettilineo;Una carreggiata a doppio senso;Asciutto;Asfaltata;Verticale ed orizzontale;Sereno;Normale;Buona;;1;0;0;4;12.4697;41.7761;-1;3;Autovettura privata;In marcia / fermata / arresto;Conducente;F;Illeso;0;;Utilizzato;Inesploso
5206763;1;17/12/2020 15:15:00;Strada Urbana;PIAZZA DI S. EUSTACHIO;in prossimit�;;del civico n.;83;;Veicolo in marcia contro veicolo in sosta;Rettilineo;Una carreggiata a senso unico di marcia;Asciutto;In cubetti di porfido;Verticale;Sereno;Normale;Buona;;0;0;0;1;12.4753;41.8984;0;1;Ciclomotore;In marcia / fermata / arresto;Conducente;M;Illeso;0;;Non accertato;
5206763;1;17/12/2020 15:15:00;Strada Urbana;PIAZZA DI S. EUSTACHIO;in prossimit�;;del civico n.;83;;Veicolo in marcia contro veicolo in sosta;Rettilineo;Una carreggiata a senso unico di marcia;Asciutto;In cubetti di porfido;Verticale;Sereno;Normale;Buona;;0;0;0;1;12.4753;41.8984;0;2;Autovettura privata;Sosta;;;;;;;
5206775;12;21/12/2020 12:45:00;Strada Urbana;VIA LAURENTINA;da specificare;;;;PROX VIA DEI RADIOTELEGRAFISTI;Scontro laterale fra veicoli in marcia;Rettilineo;Due carreggiate;Asciutto;Asfaltata;Verticale ed orizzontale;Sereno;Normale;Buona;;0;0;0;2;12.4795;41.8231;-1;1;Autovettura privata;In marcia / fermata / arresto;Conducente;M;Illeso;0;;;
5206775;12;21/12/2020 12:45:00;Strada Urbana;VIA LAURENTINA;da specificare;;;;PROX VIA DEI RADIOTELEGRAFISTI;Scontro laterale fra veicoli in marcia;Rettilineo;Due carreggiate;Asciutto;Asfaltata;Verticale ed orizzontale;Sereno;Normale;Buona;;0;0;0;2;12.4795;41.8231;-1;2;Autocarro inferiore 35 q.;In marcia / fermata / arresto;Conducente;M;Illeso;0;;;
5206788;1;21/12/2020 09:00:00;Strada Urbana;VIALE CASTRO PRETORIO;in prossimit�;;del civico n.;95;;Scontro laterale fra veicoli in marcia;Rettilineo;Una carreggiata a doppio senso;Asciutto;Asfaltata;Verticale ed orizzontale;Sereno;Normale;Buona;;0;0;0;2;12.5059;41.9055;-1;1;Autovettura privata;In marcia / fermata / arresto;Conducente;M;Illeso;0;;Non accertato;Inesploso
5206788;1;21/12/2020 09:00:00;Strada Urbana;VIALE CASTRO PRETORIO;in prossimit�;;del civico n.;95;;Scontro laterale fra veicoli in marcia;Rettilineo;Una carreggiata a doppio senso;Asciutto;Asfaltata;Verticale ed orizzontale;Sereno;Normale;Buona;;0;0;0;2;12.5059;41.9055;-1;2;Autovettura privata;In marcia / fermata / arresto;Conducente;M;Illeso;0;;Non accertato;Inesploso
5206817;1;19/12/2020 19:00:00;Strada Urbana;PIAZZA NICOSIA;all'intersezione con;VIA DI RIPETTA;VIA DI RIPETTA;;;Veicolo in marcia contro veicolo fermo;Intersezione stradale segnalata;Una carreggiata a senso unico di marcia;Asciutto;In cubetti di porfido;Verticale ed orizzontale;Sereno;Intenso;Sufficiente;;0;0;0;0;12.4749;41.9031;0;1;Autovettura privata;Sosta;;;;;;;
5206817;1;19/12/2020 19:00:00;Strada Urbana;PIAZZA NICOSIA;all'intersezione con;VIA DI RIPETTA;VIA DI RIPETTA;;;Veicolo in marcia contro veicolo fermo;Intersezione stradale segnalata;Una carreggiata a senso unico di marcia;Asciutto;In cubetti di porfido;Verticale ed orizzontale;Sereno;Intenso;Sufficiente;;0;0;0;0;12.4749;41.9031;0;2;Autobus urbano;In marcia / fermata / arresto;;;;;;;
5206897;12;21/12/2020 11:00:00;Strada Urbana;VIA DEL CASALE DI VALLERANO;in prossimit�;;del civico n.;23;;Scontro laterale fra veicoli in marcia;Rettilineo;Una carreggiata a doppio senso;Asciutto;Asfaltata;Verticale ed orizzontale;Sereno;Scarso;Buona;;0;0;0;1;12.4782;41.7997;-1;1;Autovettura privata;In marcia / fermata / arresto;Conducente;M;Illeso;0;;Utilizzato;Inesploso
5206897;12;21/12/2020 11:00:00;Strada Urbana;VIA DEL CASALE DI VALLERANO;in prossimit�;;del civico n.;23;;Scontro laterale fra veicoli in marcia;Rettilineo;Una carreggiata a doppio senso;Asciutto;Asfaltata;Verticale ed orizzontale;Sereno;Scarso;Buona;;0;0;0;1;12.4782;41.7997;-1;2;Autovettura privata;In marcia / fermata / arresto;;;;;;;
5206922;17;18/12/2020 18:00:00;Strada Urbana;PIAZZA ADRIANA;in prossimit�;;del civico n.;10 bis;;Veicolo in marcia contro ostacolo fisso;Rettilineo;Una carreggiata a senso unico di marcia;Asciutto;Asfaltata;Verticale ed orizzontale;Sereno;Normale;Insufficiente;;0;0;0;1;12.4656;41.9051;-1;1;Autovettura privata;In marcia / fermata / arresto;Conducente;M;Illeso;0;;;
5207093;17;18/12/2020 19:15:00;Strada Urbana;VIA TRIONFALE;in corrispondenza;;del civico n.;5735;;Scontro frontale/laterale SX fra veicoli in marcia;Rettilineo;Una carreggiata a doppio senso;Asciutto;Asfaltata;Verticale ed orizzontale;Sereno;Normale;Buona;;1;0;0;1;12.4477;41.9254;-1;1;Autovettura privata;In marcia / fermata / arresto;Conducente;M;Illeso;0;;;
5207093;17;18/12/2020 19:15:00;Strada Urbana;VIA TRIONFALE;in corrispondenza;;del civico n.;5735;;Scontro frontale/laterale SX fra veicoli in marcia;Rettilineo;Una carreggiata a doppio senso;Asciutto;Asfaltata;Verticale ed orizzontale;Sereno;Normale;Buona;;1;0;0;1;12.4477;41.9254;-1;2;Motociclo a solo;In marcia / fermata / arresto;Conducente;M;Rimandato;0;NON DECEDUTO;;
5207117;1;21/12/2020 13:00:00;Strada Urbana;VIALE CARLO FELICE;in prossimit�;;del civico n.;101;;Tamponamento Multiplo;Rettilineo;Una carreggiata a senso unico di marcia;Asciutto;Asfaltata;Verticale ed orizzontale;Sereno;Normale;Buona;;1;0;0;4;12.5131;41.8878;0;1;Autovettura privata;In marcia / fermata / arresto;Conducente;F;Illeso;0;;Non accertato;Inesploso
5207117;1;21/12/2020 13:00:00;Strada Urbana;VIALE CARLO FELICE;in prossimit�;;del civico n.;101;;Tamponamento Multiplo;Rettilineo;Una carreggiata a senso unico di marcia;Asciutto;Asfaltata;Verticale ed orizzontale;Sereno;Normale;Buona;;1;0;0;4;12.5131;41.8878;0;2;Autovettura privata;In marcia / fermata / arresto;Conducente;M;Illeso;0;;Non accertato;Inesploso
5207117;1;21/12/2020 13:00:00;Strada Urbana;VIALE CARLO FELICE;in prossimit�;;del civico n.;101;;Tamponamento Multiplo;Rettilineo;Una carreggiata a senso unico di marcia;Asciutto;Asfaltata;Verticale ed orizzontale;Sereno;Normale;Buona;;1;0;0;4;12.5131;41.8878;0;2;Autovettura privata;In marcia / fermata / arresto;Passeggero;F;Rimandato;0;NON DECEDUTO;Non accertato;Inesploso
5207117;1;21/12/2020 13:00:00;Strada Urbana;VIALE CARLO FELICE;in prossimit�;;del civico n.;101;;Tamponamento Multiplo;Rettilineo;Una carreggiata a senso unico di marcia;Asciutto;Asfaltata;Verticale ed orizzontale;Sereno;Normale;Buona;;1;0;0;4;12.5131;41.8878;0;2;Autovettura privata;In marcia / fermata / arresto;Passeggero;F;Illeso;0;;Non accertato;Inesploso
5207117;1;21/12/2020 13:00:00;Strada Urbana;VIALE CARLO FELICE;in prossimit�;;del civico n.;101;;Tamponamento Multiplo;Rettilineo;Una carreggiata a senso unico di marcia;Asciutto;Asfaltata;Verticale ed orizzontale;Sereno;Normale;Buona;;1;0;0;4;12.5131;41.8878;0;3;Autovettura privata;In marcia / fermata / arresto;Conducente;M;Illeso;0;;Non accertato;Inesploso
5207126;1;21/12/2020 16:09:00;Strada Urbana;VIALE CARLO FELICE;all'intersezione semaforizzata con;PIAZZA DI S. CROCE IN GERUSALEMME;PIAZZA DI S. CROCE IN GERUSALEMME;;;Scontro frontale/laterale DX fra veicoli in marcia;Intersezione semaforizzata;Una carreggiata a doppio senso;Asciutto;Asfaltata;Verticale ed orizzontale;Sereno;Normale;Buona;;0;0;0;3;12.5143;41.888;-1;1;Autovettura privata;In marcia / fermata / arresto;Conducente;F;Illeso;0;;Non accertato;Inesploso
5207126;1;21/12/2020 16:09:00;Strada Urbana;VIALE CARLO FELICE;all'intersezione semaforizzata con;PIAZZA DI S. CROCE IN GERUSALEMME;PIAZZA DI S. CROCE IN GERUSALEMME;;;Scontro frontale/laterale DX fra veicoli in marcia;Intersezione semaforizzata;Una carreggiata a doppio senso;Asciutto;Asfaltata;Verticale ed orizzontale;Sereno;Normale;Buona;;0;0;0;3;12.5143;41.888;-1;2;Autoambulanza;In marcia / fermata / arresto;Conducente;M;Illeso;0;;Non accertato;Inesploso
5207126;1;21/12/2020 16:09:00;Strada Urbana;VIALE CARLO FELICE;all'intersezione semaforizzata con;PIAZZA DI S. CROCE IN GERUSALEMME;PIAZZA DI S. CROCE IN GERUSALEMME;;;Scontro frontale/laterale DX fra veicoli in marcia;Intersezione semaforizzata;Una carreggiata a doppio senso;Asciutto;Asfaltata;Verticale ed orizzontale;Sereno;Normale;Buona;;0;0;0;3;12.5143;41.888;-1;2;Autoambulanza;In marcia / fermata / arresto;Passeggero;F;Illeso;0;;Non accertato;Inesploso
5207138;17;19/12/2020 18:00:00;Strada Urbana;VIA SFORZA PALLAVICINI;in prossimit�;;del civico n.;10;;Scontro laterale fra veicoli in marcia;Rettilineo;Una carreggiata a senso unico di marcia;Asciutto;Asfaltata;Verticale ed orizzontale;Sereno;Intenso;Sufficiente;;0;0;0;2;12.4633;41.905;-1;1;Autovettura privata;In marcia / fermata / arresto;Conducente;M;Illeso;0;;;
5207138;17;19/12/2020 18:00:00;Strada Urbana;VIA SFORZA PALLAVICINI;in prossimit�;;del civico n.;10;;Scontro laterale fra veicoli in marcia;Rettilineo;Una carreggiata a senso unico di marcia;Asciutto;Asfaltata;Verticale ed orizzontale;Sereno;Intenso;Sufficiente;;0;0;0;2;12.4633;41.905;-1;2;Autobus di linea;In marcia / fermata / arresto;Conducente;M;Illeso;0;;;
5207175;17;19/12/2020 19:00:00;Strada Urbana;VIA BALDO DEGLI UBALDI;in prossimit�;;del civico n.;286;;Scontro frontale/laterale SX fra veicoli in marcia;Rettilineo;Due carreggiate;Asciutto;Asfaltata;Verticale ed orizzontale;Sereno;Normale;Sufficiente;;0;0;0;2;12.4384;41.901;-1;1;Autovettura privata;In marcia / fermata / arresto;Conducente;M;Illeso;0;;;
5207175;17;19/12/2020 19:00:00;Strada Urbana;VIA BALDO DEGLI UBALDI;in prossimit�;;del civico n.;286;;Scontro frontale/laterale SX fra veicoli in marcia;Rettilineo;Due carreggiate;Asciutto;Asfaltata;Verticale ed orizzontale;Sereno;Normale;Sufficiente;;0;0;0;2;12.4384;41.901;-1;1;Autovettura privata;In marcia / fermata / arresto;Passeggero;M;Illeso;0;;;
5207175;17;19/12/2020 19:00:00;Strada Urbana;VIA BALDO DEGLI UBALDI;in prossimit�;;del civico n.;286;;Scontro frontale/laterale SX fra veicoli in marcia;Rettilineo;Due carreggiate;Asciutto;Asfaltata;Verticale ed orizzontale;Sereno;Normale;Sufficiente;;0;0;0;2;12.4384;41.901;-1;2;Autovettura pubblica;Allontanatosi;;;;;;;
5207196;17;20/12/2020 18:15:00;Strada Urbana;VIA DEL MASCHERINO;in prossimit�;;del civico n.;79;;Investimento di pedone;Rettilineo;Una carreggiata a doppio senso;Asciutto;In cubetti di porfido;Verticale ed orizzontale;Sereno;Scarso;Sufficiente;;0;0;0;2;12.4589;41.9056;0;;;;Pedone;F;Illeso;0;;;
5207196;17;20/12/2020 18:15:00;Strada Urbana;VIA DEL MASCHERINO;in prossimit�;;del civico n.;79;;Investimento di pedone;Rettilineo;Una carreggiata a doppio senso;Asciutto;In cubetti di porfido;Verticale ed orizzontale;Sereno;Scarso;Sufficiente;;0;0;0;2;12.4589;41.9056;0;1;Autovettura privata;In marcia / fermata / arresto;Conducente;F;Illeso;0;;;
5207224;15;21/12/2020 11:45:00;Strada Urbana;VIA DEL PONTE PISANO;da specificare;;;;rampa accesso da via Portuense prov. Ponte Galeria;Scontro frontale/laterale DX fra veicoli in marcia;Rettilineo;Una carreggiata a doppio senso;Asciutto;Asfaltata;Verticale ed orizzontale;Sereno;Intenso;Buona;;0;0;0;2;12.4046;41.8478;-1;1;Autovettura privata;In marcia / fermata / arresto;Conducente;M;Illeso;0;;Non accertato;Inesploso
5207224;15;21/12/2020 11:45:00;Strada Urbana;VIA DEL PONTE PISANO;da specificare;;;;rampa accesso da via Portuense prov. Ponte Galeria;Scontro frontale/laterale DX fra veicoli in marcia;Rettilineo;Una carreggiata a doppio senso;Asciutto;Asfaltata;Verticale ed orizzontale;Sereno;Intenso;Buona;;0;0;0;2;12.4046;41.8478;-1;2;Autovettura privata;In marcia / fermata / arresto;Conducente;M;Illeso;0;;Non accertato;
5207225;17;20/12/2020 09:20:00;Strada Urbana;VIA SILVIO PELLICO;in corrispondenza;;del civico n.;3;;Veicolo in marcia contro veicolo in sosta;Rettilineo;Due carreggiate;Asciutto;Asfaltata;Verticale ed orizzontale;Sereno;Scarso;Buona;;0;0;0;1;12.4605;41.9122;-1;1;Autovettura privata;In marcia / fermata / arresto;Conducente;F;Illeso;0;;;
5207225;17;20/12/2020 09:20:00;Strada Urbana;VIA SILVIO PELLICO;in corrispondenza;;del civico n.;3;;Veicolo in marcia contro veicolo in sosta;Rettilineo;Due carreggiate;Asciutto;Asfaltata;Verticale ed orizzontale;Sereno;Scarso;Buona;;0;0;0;1;12.4605;41.9122;-1;2;Autovettura privata;Sosta;;;;;;;
5207236;6;21/12/2020 17:40:00;Strada Urbana;VIALE FILARETE;in corrispondenza;;del civico n.;205;;Tamponamento;Rettilineo;Una carreggiata a senso unico di marcia;Asciutto;Asfaltata;Orizzontale;Sereno;Normale;Buona;;0;0;0;5;12.5393;41.8772;-1;1;Autovettura privata;In marcia / fermata / arresto;Conducente;F;Illeso;0;;Non accertato;Inesploso
5207236;6;21/12/2020 17:40:00;Strada Urbana;VIALE FILARETE;in corrispondenza;;del civico n.;205;;Tamponamento;Rettilineo;Una carreggiata a senso unico di marcia;Asciutto;Asfaltata;Orizzontale;Sereno;Normale;Buona;;0;0;0;5;12.5393;41.8772;-1;1;Autovettura privata;In marcia / fermata / arresto;Passeggero;F;Illeso;0;;Non accertato;Inesploso
5207236;6;21/12/2020 17:40:00;Strada Urbana;VIALE FILARETE;in corrispondenza;;del civico n.;205;;Tamponamento;Rettilineo;Una carreggiata a senso unico di marcia;Asciutto;Asfaltata;Orizzontale;Sereno;Normale;Buona;;0;0;0;5;12.5393;41.8772;-1;1;Autovettura privata;In marcia / fermata / arresto;Passeggero;F;Illeso;0;;Non accertato;Inesploso
5207236;6;21/12/2020 17:40:00;Strada Urbana;VIALE FILARETE;in corrispondenza;;del civico n.;205;;Tamponamento;Rettilineo;Una carreggiata a senso unico di marcia;Asciutto;Asfaltata;Orizzontale;Sereno;Normale;Buona;;0;0;0;5;12.5393;41.8772;-1;2;Autovettura privata;In marcia / fermata / arresto;Conducente;M;Illeso;0;;Non accertato;Inesploso
5207236;6;21/12/2020 17:40:00;Strada Urbana;VIALE FILARETE;in corrispondenza;;del civico n.;205;;Tamponamento;Rettilineo;Una carreggiata a senso unico di marcia;Asciutto;Asfaltata;Orizzontale;Sereno;Normale;Buona;;0;0;0;5;12.5393;41.8772;-1;2;Autovettura privata;In marcia / fermata / arresto;Passeggero;M;Illeso;0;;Non accertato;Inesploso
5207307;12;21/12/2020 15:00:00;Strada Urbana;VIALE DON PASQUINO BORGHI;in prossimit�;;del civico n.;180;;Veicolo in marcia contro veicolo in sosta;Rettilineo;Una carreggiata a doppio senso;Asciutto;Asfaltata;Verticale ed orizzontale;Sereno;Normale;Buona;;0;0;0;1;12.4438;41.8109;-1;1;Autovettura privata;Sosta;;;;;;;
5207307;12;21/12/2020 15:00:00;Strada Urbana;VIALE DON PASQUINO BORGHI;in prossimit�;;del civico n.;180;;Veicolo in marcia contro veicolo in sosta;Rettilineo;Una carreggiata a doppio senso;Asciutto;Asfaltata;Verticale ed orizzontale;Sereno;Normale;Buona;;0;0;0;1;12.4438;41.8109;-1;2;Autovettura privata;In marcia / fermata / arresto;Conducente;F;Illeso;0;;Utilizzato;Inesploso
5207309;12;21/12/2020 20:30:00;Strada Urbana;VIA DELLE TRE FONTANE;all'intersezione con;VIALE DI VAL FIORITA;VIALE DI VAL FIORITA;;;Scontro frontale/laterale DX fra veicoli in marcia;Incrocio;Una carreggiata a doppio senso;Asciutto;Asfaltata;Verticale ed orizzontale;Sereno;Normale;Sufficiente;;1;0;0;2;12.4734;41.8394;-1;1;Autovettura privata;In marcia / fermata / arresto;Conducente;F;Illeso;0;;Non accertato;Inesploso
5207309;12;21/12/2020 20:30:00;Strada Urbana;VIA DELLE TRE FONTANE;all'intersezione con;VIALE DI VAL FIORITA;VIALE DI VAL FIORITA;;;Scontro frontale/laterale DX fra veicoli in marcia;Incrocio;Una carreggiata a doppio senso;Asciutto;Asfaltata;Verticale ed orizzontale;Sereno;Normale;Sufficiente;;1;0;0;2;12.4734;41.8394;-1;1;Autovettura privata;In marcia / fermata / arresto;Passeggero;M;Illeso;0;;Non accertato;Inesploso
5207309;12;21/12/2020 20:30:00;Strada Urbana;VIA DELLE TRE FONTANE;all'intersezione con;VIALE DI VAL FIORITA;VIALE DI VAL FIORITA;;;Scontro frontale/laterale DX fra veicoli in marcia;Incrocio;Una carreggiata a doppio senso;Asciutto;Asfaltata;Verticale ed orizzontale;Sereno;Normale;Sufficiente;;1;0;0;2;12.4734;41.8394;-1;2;Motociclo a solo;In marcia / fermata / arresto;Conducente;M;Rimandato;0;NON DECEDUTO;Non accertato;
5207532;9;21/12/2020 16:00:00;Strada Urbana;VIALE CASTRENSE;all'intersezione semaforizzata con;VIA CALTAGIRONE;VIA CALTAGIRONE;;;Tamponamento Multiplo;Intersezione semaforizzata;Due carreggiate;Asciutto;Asfaltata;Verticale ed orizzontale;Nuvoloso;Intenso;Buona;;0;0;0;4;12.5182;41.8877;-1;1;Autovettura privata;In marcia / fermata / arresto;Conducente;F;Illeso;0;;Non accertato;Inesploso
5207532;9;21/12/2020 16:00:00;Strada Urbana;VIALE CASTRENSE;all'intersezione semaforizzata con;VIA CALTAGIRONE;VIA CALTAGIRONE;;;Tamponamento Multiplo;Intersezione semaforizzata;Due carreggiate;Asciutto;Asfaltata;Verticale ed orizzontale;Nuvoloso;Intenso;Buona;;0;0;0;4;12.5182;41.8877;-1;2;Autovettura privata;In marcia / fermata / arresto;Conducente;F;Illeso;0;;Non accertato;Inesploso
5207532;9;21/12/2020 16:00:00;Strada Urbana;VIALE CASTRENSE;all'intersezione semaforizzata con;VIA CALTAGIRONE;VIA CALTAGIRONE;;;Tamponamento Multiplo;Intersezione semaforizzata;Due carreggiate;Asciutto;Asfaltata;Verticale ed orizzontale;Nuvoloso;Intenso;Buona;;0;0;0;4;12.5182;41.8877;-1;3;Autovettura privata;In marcia / fermata / arresto;Conducente;M;Illeso;0;;Non accertato;Inesploso