Protocollo;Gruppo;DataOraIncidente;Localizzazione1;STRADA1;Localizzazione2;STRADA2;Strada02;Chilometrica;DaSpecificare;NaturaIncidente;particolaritastrade;TipoStrada;FondoStradale;Pavimentazione;Segnaletica;CondizioneAtmosferica;Traffico;Visibilita;Illuminazione;NUM_FERITI;NUM_RISERVATA;NUM_MORTI;NUM_ILLESI;Longitudine;Latitudine;Confermato;Progressivo;TipoVeicolo;StatoVeicolo;TipoPersona;Sesso;Tipolesione;Deceduto;DecedutoDopo;CinturaCascoUtilizzato;Airbag;
5210952;6;23/12/2020 19:40:00;Strada Urbana;VIA FABRIANO;all'intersezione con;VIA FIUMINATA;VIA FIUMINATA;;;Scontro frontale/laterale DX fra veicoli in marcia;Incrocio;Una carreggiata a doppio senso;Asciutto;Asfaltata;Verticale ed orizzontale;Nuvoloso;Scarso;Sufficiente;;3;0;0;3;12.5844;41.9408;-1;2;Autovettura privata;In marcia / fermata / arresto;Passeggero;F;Illeso;0;;;
5210952;6;23/12/2020 19:40:00;Strada Urbana;VIA FABRIANO;all'intersezione con;VIA FIUMINATA;VIA FIUMINATA;;;Scontro frontale/laterale DX fra veicoli in marcia;Incrocio;Una carreggiata a doppio senso;Asciutto;Asfaltata;Verticale ed orizzontale;Nuvoloso;Scarso;Sufficiente;;3;0;0;3;12.5844;41.9408;-1;2;Autovettura privata;In marcia / fermata / arresto;Passeggero;F;Illeso;0;;;
5210956;5;23/12/2020 16:15:00;Strada Urbana;VIA CASAL TIDEI;da specificare;;;;fronte VIA FOSSOMBRONE;Scontro frontale/laterale DX fra veicoli in marcia;Rettilineo;Una carreggiata a doppio senso;Asciutto;Asfaltata;Orizzontale;Sereno;Normale;Buona;;1;0;0;2;12.5789;41.9415;-1;1;Autovettura privata;In marcia / fermata / arresto;Conducente;M;Illeso;0;;Non accertato;
5210956;5;23/12/2020 16:15:00;Strada Urbana;VIA CASAL TIDEI;da specificare;;;;fronte VIA FOSSOMBRONE;Scontro frontale/laterale DX fra veicoli in marcia;Rettilineo;Una carreggiata a doppio senso;Asciutto;Asfaltata;Orizzontale;Sereno;Normale;Buona;;1;0;0;2;12.5789;41.9415;-1;1;Autovettura privata;In marcia / fermata / arresto;Passeggero;F;Illeso;0;;Non accertato;
5210956;5;23/12/2020 16:15:00;Strada Urbana;VIA CASAL TIDEI;da specificare;;;;fronte VIA FOSSOMBRONE;Scontro frontale/laterale DX fra veicoli in marcia;Rettilineo;Una carreggiata a doppio senso;Asciutto;Asfaltata;Orizzontale;Sereno;Normale;Buona;;1;0;0;2;12.5789;41.9415;-1;2;Motociclo a solo;In marcia / fermata / arresto;Conducente;M;Rimandato;0;NON DECEDUTO;;
5210975;7;23/12/2020 15:41:00;Strada Urbana;VIA COLLATINA;all'intersezione con;VIALE PALMIRO TOGLIATTI;VIALE PALMIRO TOGLIATTI;;;Scontro frontale/laterale DX fra veicoli in marcia;Intersezione stradale segnalata;Una carreggiata a doppio senso;Asciutto;Asfaltata;Verticale ed orizzontale;Sereno;Normale;Buona;;1;0;0;1;12.6108;41.9058;-1;1;Autovettura privata;In marcia / fermata / arresto;Conducente;M;Illeso;0;;Non accertato;Inesploso
5210975;7;23/12/2020 15:41:00;Strada Urbana;VIA COLLATINA;all'intersezione con;VIALE PALMIRO TOGLIATTI;VIALE PALMIRO TOGLIATTI;;;Scontro frontale/laterale DX fra veicoli in marcia;Intersezione stradale segnalata;Una carreggiata a doppio senso;Asciutto;Asfaltata;Verticale ed orizzontale;Sereno;Normale;Buona;;1;0;0;1;12.6108;41.9058;-1;2;Motociclo a solo;In marcia / fermata / arresto;Conducente;M;Rimandato;0;NON DECEDUTO;Non accertato;
5210980;3;24/12/2020;Strada Urbana;VIA NOMENTANA;all'intersezione semaforizzata con;VIA DI S. ANGELA MERICI;VIA DI S. ANGELA MERICI;;;Scontro frontale fra veicoli in marcia;Intersezione semaforizzata;Una carreggiata a doppio senso;Asciutto;Asfaltata;Verticale ed orizzontale;Nuvoloso;Normale;Buona;;0;0;0;2;12.5222;41.9251;-1;1;Autovettura privata;In marcia / fermata / arresto;Conducente;M;Illeso;0;;;
5210980;3;24/12/2020;Strada Urbana;VIA NOMENTANA;all'intersezione semaforizzata con;VIA DI S. ANGELA MERICI;VIA DI S. ANGELA MERICI;;;Scontro frontale fra veicoli in marcia;Intersezione semaforizzata;Una carreggiata a doppio senso;Asciutto;Asfaltata;Verticale ed orizzontale;Nuvoloso;Normale;Buona;;0;0;0;2;12.5222;41.9251;-1;2;Motociclo a solo;In marcia / fermata / arresto;Conducente;M;Illeso;0;;;
5210995;7;23/12/2020 16:15:00;Strada Urbana;VIA DEL CAMPO;in corrispondenza;;del civico n.;11;;Scontro frontale/laterale DX fra veicoli in marcia;Rettilineo;Una carreggiata a senso unico di marcia;Asciutto;Asfaltata;Verticale ed orizzontale;Sereno;Normale;Buona;;0;0;0;2;12.5756;41.8766;-1;1;Autocarro inferiore 35 q.;In marcia / fermata / arresto;Conducente;M;Illeso;0;;Non accertato;Inesploso
5210995;7;23/12/2020 16:15:00;Strada Urbana;VIA DEL CAMPO;in corrispondenza;;del civico n.;11;;Scontro frontale/laterale DX fra veicoli in marcia;Rettilineo;Una carreggiata a senso unico di marcia;Asciutto;Asfaltata;Verticale ed orizzontale;Sereno;Normale;Buona;;0;0;0;2;12.5756;41.8766;-1;2;Autovettura privata;In marcia / fermata / arresto;Conducente;M;Illeso;0;;Non accertato;Inesploso
5211008;18;23/12/2020 17:15:00;Strada Urbana;PIAZZA PIO XI;all'intersezione semaforizzata con;VIA LEONE XIII;VIA LEONE XIII;;;Scontro laterale fra veicoli in marcia;Incrocio;Una carreggiata a doppio senso;Asciutto;Asfaltata;Verticale ed orizzontale;Sereno;Intenso;Buona;;0;0;0;4;12.4372;41.8939;-1;1;Autovettura privata;In marcia / fermata / arresto;Conducente;F;Illeso;0;;;
5211008;18;23/12/2020 17:15:00;Strada Urbana;PIAZZA PIO XI;all'intersezione semaforizzata con;VIA LEONE XIII;VIA LEONE XIII;;;Scontro laterale fra veicoli in marcia;Incrocio;Una carreggiata a doppio senso;Asciutto;Asfaltata;Verticale ed orizzontale;Sereno;Intenso;Buona;;0;0;0;4;12.4372;41.8939;-1;1;Autovettura privata;In marcia / fermata / arresto;Passeggero;M;Illeso;0;;;
5211008;18;23/12/2020 17:15:00;Strada Urbana;PIAZZA PIO XI;all'intersezione semaforizzata con;VIA LEONE XIII;VIA LEONE XIII;;;Scontro laterale fra veicoli in marcia;Incrocio;Una carreggiata a doppio senso;Asciutto;Asfaltata;Verticale ed orizzontale;Sereno;Intenso;Buona;;0;0;0;4;12.4372;41.8939;-1;1;Autovettura privata;In marcia / fermata / arresto;Passeggero;F;Illeso;0;;;
5211008;18;23/12/2020 17:15:00;Strada Urbana;PIAZZA PIO XI;all'intersezione semaforizzata con;VIA LEONE XIII;VIA LEONE XIII;;;Scontro laterale fra veicoli in marcia;Incrocio;Una carreggiata a doppio senso;Asciutto;Asfaltata;Verticale ed orizzontale;Sereno;Intenso;Buona;;0;0;0;4;12.4372;41.8939;-1;2;Autovettura privata;In marcia / fermata / arresto;Conducente;M;Illeso;0;;;
5211011;4;23/12/2020 19:30:00;Strada Urbana;VIA DI CASAL BOCCONE;da specificare;;;;in prossimit� di VIA GIOVANNI VERGA;Scontro laterale fra veicoli in marcia;Rettilineo;Una carreggiata a doppio senso;Asciutto;Asfaltata;Orizzontale;Nuvoloso;Intenso;Buona;;0;0;0;5;12.5572;41.9577;-1;1;Autovettura privata;In marcia / fermata / arresto;Conducente;M;Illeso;0;;;
5211011;4;23/12/2020 19:30:00;Strada Urbana;VIA DI CASAL BOCCONE;da specificare;;;;in prossimit� di VIA GIOVANNI VERGA;Scontro laterale fra veicoli in marcia;Rettilineo;Una carreggiata a doppio senso;Asciutto;Asfaltata;Orizzontale;Nuvoloso;Intenso;Buona;;0;0;0;5;12.5572;41.9577;-1;2;Autovettura privata;In marcia / fermata / arresto;Conducente;M;Illeso;0;;Non accertato;Inesploso
5211011;4;23/12/2020 19:30:00;Strada Urbana;VIA DI CASAL BOCCONE;da specificare;;;;in prossimit� di VIA GIOVANNI VERGA;Scontro laterale fra veicoli in marcia;Rettilineo;Una carreggiata a doppio senso;Asciutto;Asfaltata;Orizzontale;Nuvoloso;Intenso;Buona;;0;0;0;5;12.5572;41.9577;-1;2;Autovettura privata;In marcia / fermata / arresto;Passeggero;F;Illeso;0;;Non accertato;Inesploso
5211011;4;23/12/2020 19:30:00;Strada Urbana;VIA DI CASAL BOCCONE;da specificare;;;;in prossimit� di VIA GIOVANNI VERGA;Scontro laterale fra veicoli in marcia;Rettilineo;Una carreggiata a doppio senso;Asciutto;Asfaltata;Orizzontale;Nuvoloso;Intenso;Buona;;0;0;0;5;12.5572;41.9577;-1;3;Quadriciclo;In marcia / fermata / arresto;Conducente;M;Illeso;0;;Non accertato;Inesploso
5211011;4;23/12/2020 19:30:00;Strada Urbana;VIA DI CASAL BOCCONE;da specificare;;;;in prossimit� di VIA GIOVANNI VERGA;Scontro laterale fra veicoli in marcia;Rettilineo;Una carreggiata a doppio senso;Asciutto;Asfaltata;Orizzontale;Nuvoloso;Intenso;Buona;;0;0;0;5;12.5572;41.9577;-1;4;Motociclo a solo;In marcia / fermata / arresto;Conducente;M;Illeso;0;;Non accertato;
5211015;18;23/12/2020 21:20:00;Strada Urbana;CIRCONVALLAZIONE CORNELIA;in prossimit�;;del civico n.;36;;Investimento di pedone;Rettilineo;Una carreggiata a senso unico di marcia;Asciutto;Asfaltata;Verticale ed orizzontale;Sereno;Scarso;Sufficiente;;2;0;0;0;12.427;41.8997;-1;;;;Pedone;F;Rimandato;0;NON DECEDUTO;;
5211015;18;23/12/2020 21:20:00;Strada Urbana;CIRCONVALLAZIONE CORNELIA;in prossimit�;;del civico n.;36;;Investimento di pedone;Rettilineo;Una carreggiata a senso unico di marcia;Asciutto;Asfaltata;Verticale ed orizzontale;Sereno;Scarso;Sufficiente;;2;0;0;0;12.427;41.8997;-1;1;Motociclo a solo;In marcia / fermata / arresto;Conducente;M;Rimandato;0;NON DECEDUTO;;
5211023;3;23/12/2020 14:00:00;Strada Urbana;VIALE DELLE PROVINCIE;all'intersezione semaforizzata con;VIA PADOVA;VIA PADOVA;;;Investimento di pedone;Intersezione semaforizzata;Una carreggiata a senso unico di marcia;Asciutto;Asfaltata;Verticale ed orizzontale;Sereno;Normale;Buona;;1;0;0;1;12.5209;41.9106;-1;;;;Pedone;M;Rimandato;0;NON DECEDUTO;;
5211023;3;23/12/2020 14:00:00;Strada Urbana;VIALE DELLE PROVINCIE;all'intersezione semaforizzata con;VIA PADOVA;VIA PADOVA;;;Investimento di pedone;Intersezione semaforizzata;Una carreggiata a senso unico di marcia;Asciutto;Asfaltata;Verticale ed orizzontale;Sereno;Normale;Buona;;1;0;0;1;12.5209;41.9106;-1;1;Motociclo a solo;In marcia / fermata / arresto;Conducente;M;Illeso;0;;Non accertato;
5211095;6;24/12/2020 08:30:00;Strada Urbana;PIAZZALE PRENESTINO;in corrispondenza;;del civico n.;6;;Veicolo in marcia contro veicolo in sosta;Rettilineo;Pi� di due carreggiate;Bagnato (umidit� in atto);Asfaltata;Verticale ed orizzontale;Nuvoloso;Scarso;Buona;;0;0;0;1;12.5263;41.8913;-1;1;Autovettura privata;In marcia / fermata / arresto;Conducente;M;Illeso;0;;;
5211095;6;24/12/2020 08:30:00;Strada Urbana;PIAZZALE PRENESTINO;in corrispondenza;;del civico n.;6;;Veicolo in marcia contro veicolo in sosta;Rettilineo;Pi� di due carreggiate;Bagnato (umidit� in atto);Asfaltata;Verticale ed orizzontale;Nuvoloso;Scarso;Buona;;0;0;0;1;12.5263;41.8913;-1;2;Autovettura privata;Sosta;;;;;;;
5211205;12;11/12/2020 15:20:00;Strada Urbana;VIA DI TRIGORIA;in prossimit�;;del civico n.;146/T;;Veicolo in marcia contro ostacolo fisso;Pendenza;Una carreggiata a doppio senso;Asciutto;Asfaltata;Verticale ed orizzontale;Sereno;Normale;Buona;;0;0;0;1;12.4764;41.7589;-1;1;Autovettura privata;In marcia / fermata / arresto;Conducente;M;Illeso;0;;Non accertato;Inesploso
5211214;1;24/12/2020 08:00:00;Strada Urbana;VIA CAVOUR;all'intersezione semaforizzata con;VIA GIOVANNI AMENDOLA;VIA GIOVANNI AMENDOLA;;;Scontro frontale/laterale SX fra veicoli in marcia;Intersezione semaforizzata;Una carreggiata a doppio senso;Bagnato (pioggia);Asfaltata;Verticale ed orizzontale;Nuvoloso;Scarso;Buona;;0;0;0;2;12.4993;41.9003;-1;1;Autocarro inferiore 35 q.;In marcia / fermata / arresto;Conducente;M;Illeso;0;;Non accertato;Inesploso
5211214;1;24/12/2020 08:00:00;Strada Urbana;VIA CAVOUR;all'intersezione semaforizzata con;VIA GIOVANNI AMENDOLA;VIA GIOVANNI AMENDOLA;;;Scontro frontale/laterale SX fra veicoli in marcia;Intersezione semaforizzata;Una carreggiata a doppio senso;Bagnato (pioggia);Asfaltata;Verticale ed orizzontale;Nuvoloso;Scarso;Buona;;0;0;0;2;12.4993;41.9003;-1;2;Autovettura di polizia;In marcia / fermata / arresto;Conducente;M;Illeso;0;;Non accertato;Inesploso
5211234;19;24/12/2020 11:45:00;Strada Urbana;VIA S. IGINO PAPA;in prossimit�;;del civico n.;41;;Veicolo in marcia contro veicoli in sosta;Rettilineo;Una carreggiata a senso unico di marcia;Asciutto;Asfaltata;Assente;Nuvoloso;Scarso;Buona;;0;0;0;1;12.4166;41.9146;-1;1;Autovettura privata;In marcia / fermata / arresto;Conducente;M;Illeso;0;;;
5211234;19;24/12/2020 11:45:00;Strada Urbana;VIA S. IGINO PAPA;in prossimit�;;del civico n.;41;;Veicolo in marcia contro veicoli in sosta;Rettilineo;Una carreggiata a senso unico di marcia;Asciutto;Asfaltata;Assente;Nuvoloso;Scarso;Buona;;0;0;0;1;12.4166;41.9146;-1;2;Autocarro inferiore 35 q.;Allontanatosi;;;;;;;
5211247;19;24/12/2020 09:00:00;Strada Urbana;VIA PASQUALE II;in prossimit�;;del civico n.;361;;Scontro frontale/laterale SX fra veicoli in marcia;Curva senza visuale libera;Una carreggiata a doppio senso;Bagnato (pioggia);Asfaltata;Verticale ed orizzontale;Pioggia in atto;Normale;Buona;;0;0;0;3;12.4093;41.9066;-1;1;Autovettura privata;In marcia / fermata / arresto;Conducente;M;Illeso;0;;Non accertato;Inesploso
5211247;19;24/12/2020 09:00:00;Strada Urbana;VIA PASQUALE II;in prossimit�;;del civico n.;361;;Scontro frontale/laterale SX fra veicoli in marcia;Curva senza visuale libera;Una carreggiata a doppio senso;Bagnato (pioggia);Asfaltata;Verticale ed orizzontale;Pioggia in atto;Normale;Buona;;0;0;0;3;12.4093;41.9066;-1;1;Autovettura privata;In marcia / fermata / arresto;Passeggero;M;Illeso;0;;Non utilizzato;Inesploso
5211247;19;24/12/2020 09:00:00;Strada Urbana;VIA PASQUALE II;in prossimit�;;del civico n.;361;;Scontro frontale/laterale SX fra veicoli in marcia;Curva senza visuale libera;Una carreggiata a doppio senso;Bagnato (pioggia);Asfaltata;Verticale ed orizzontale;Pioggia in atto;Normale;Buona;;0;0;0;3;12.4093;41.9066;-1;2;Autovettura privata;In marcia / fermata / arresto;Conducente;M;Illeso;0;;Non accertato;Inesploso
5211266;2;23/12/2020 08:35:00;Strada Urbana;VIALE PARIOLI;in corrispondenza;;del civico n.;25;;Investimento di pedone;Rettilineo;Una carreggiata a doppio senso;Asciutto;Asfaltata;Verticale ed orizzontale;Sereno;Intenso;Buona;;0;0;0;2;12.4913;41.9234;-1;;;;Pedone;M;Illeso;0;;;
5211266;2;23/12/2020 08:35:00;Strada Urbana;VIALE PARIOLI;in corrispondenza;;del civico n.;25;;Investimento di pedone;Rettilineo;Una carreggiata a doppio senso;Asciutto;Asfaltata;Verticale ed orizzontale;Sereno;Intenso;Buona;;0;0;0;2;12.4913;41.9234;-1;1;Motociclo a solo;In marcia / fermata / arresto;Conducente;M;Illeso;0;;Non accertato;
5211267;2;23/12/2020 12:20:00;Strada Urbana;VIALE BRUNO BUOZZI;all'intersezione con;VIA DELLE TRE MADONNE;VIA DELLE TRE MADONNE;;;Scontro frontale fra veicoli in marcia;Intersezione stradale segnalata;Una carreggiata a doppio senso;Asciutto;Asfaltata;Verticale ed orizzontale;Nuvoloso;Intenso;Buona;;0;0;0;2;12.4817;41.9214;-1;1;Autovettura pubblica;In marcia / fermata / arresto;Conducente;M;Illeso;0;;Non accertato;Inesploso
5211267;2;23/12/2020 12:20:00;Strada Urbana;VIALE BRUNO BUOZZI;all'intersezione con;VIA DELLE TRE MADONNE;VIA DELLE TRE MADONNE;;;Scontro frontale fra veicoli in marcia;Intersezione stradale segnalata;Una carreggiata a doppio senso;Asciutto;Asfaltata;Verticale ed orizzontale;Nuvoloso;Intenso;Buona;;0;0;0;2;12.4817;41.9214;-1;2;Autovettura privata;In marcia / fermata / arresto;Conducente;M;Illeso;0;;Non accertato;Inesploso
5211270;2;23/12/2020 13:00:00;Strada Urbana;PIAZZA EUCLIDE;all'intersezione semaforizzata con;VIA FILIPPO CIVININI;VIA FILIPPO CIVININI;;;Scontro laterale fra veicoli in marcia;Intersezione semaforizzata;Una carreggiata a senso unico di marcia;Asciutto;Asfaltata;Verticale ed orizzontale;Nuvoloso;Intenso;Buona;;0;0;0;4;12.4811;41.9269;-1;1;Autovettura privata;In marcia / fermata / arresto;Conducente;M;Illeso;0;;;
5211270;2;23/12/2020 13:00:00;Strada Urbana;PIAZZA EUCLIDE;all'intersezione semaforizzata con;VIA FILIPPO CIVININI;VIA FILIPPO CIVININI;;;Scontro laterale fra veicoli in marcia;Intersezione semaforizzata;Una carreggiata a senso unico di marcia;Asciutto;Asfaltata;Verticale ed orizzontale;Nuvoloso;Intenso;Buona;;0;0;0;4;12.4811;41.9269;-1;1;Autovettura privata;In marcia / fermata / arresto;Passeggero;F;Illeso;0;;;
5211270;2;23/12/2020 13:00:00;Strada Urbana;PIAZZA EUCLIDE;all'intersezione semaforizzata con;VIA FILIPPO CIVININI;VIA FILIPPO CIVININI;;;Scontro laterale fra veicoli in marcia;Intersezione semaforizzata;Una carreggiata a senso unico di marcia;Asciutto;Asfaltata;Verticale ed orizzontale;Nuvoloso;Intenso;Buona;;0;0;0;4;12.4811;41.9269;-1;1;Autovettura privata;In marcia / fermata / arresto;Passeggero;F;Illeso;0;;;
5211270;2;23/12/2020 13:00:00;Strada Urbana;PIAZZA EUCLIDE;all'intersezione semaforizzata con;VIA FILIPPO CIVININI;VIA FILIPPO CIVININI;;;Scontro laterale fra veicoli in marcia;Intersezione semaforizzata;Una carreggiata a senso unico di marcia;Asciutto;Asfaltata;Verticale ed orizzontale;Nuvoloso;Intenso;Buona;;0;0;0;4;12.4811;41.9269;-1;2;Autovettura privata;In marcia / fermata / arresto;Conducente;M;Illeso;0;;;
5211405;18;24/12/2020 15:20:00;Strada Urbana;VIA BARTOLO DA SASSOFERRATO;in prossimit�;;del civico n.;24;;Scontro frontale fra veicoli in marcia;Rettilineo;Una carreggiata a senso unico di marcia;Asciutto;Asfaltata;Verticale ed orizzontale;Nuvoloso;Scarso;Buona;;0;0;0;1;12.4278;41.8993;-1;1;Autovettura privata;In marcia / fermata / arresto;Conducente;F;Illeso;0;;Non accertato;Inesploso
5211405;18;24/12/2020 15:20:00;Strada Urbana;VIA BARTOLO DA SASSOFERRATO;in prossimit�;;del civico n.;24;;Scontro frontale fra veicoli in marcia;Rettilineo;Una carreggiata a senso unico di marcia;Asciutto;Asfaltata;Verticale ed orizzontale;Nuvoloso;Scarso;Buona;;0;0;0;1;12.4278;41.8993;-1;2;Autovettura privata;Allontanatosi;;;;;;;
5211410;6;24/12/2020 15:50:00;Strada Urbana;VIA DELLA MARRANELLA;all'intersezione con;VIA VISCONTE MAGGIOLO;VIA VISCONTE MAGGIOLO;;;Scontro laterale fra veicoli in marcia;Incrocio;Una carreggiata a senso unico di marcia;Asciutto;Asfaltata;Verticale ed orizzontale;Nuvoloso;;Buona;;1;0;0;0;12.5423;41.8833;-1;2;Velocipede;In marcia / fermata / arresto;Conducente;M;Rimandato;0;NON DECEDUTO;Esente;
5211503;12;25/12/2020 00:30:00;Strada Urbana;VIA CRISTOFORO COLOMBO;in prossimit�;;del civico n.;210;;Tamponamento;Rettilineo;Pi� di due carreggiate;Asciutto;Asfaltata;Verticale ed orizzontale;Nuvoloso;Scarso;Buona;;0;0;0;3;12.4965;41.8587;-1;1;Autovettura privata;In marcia / fermata / arresto;Conducente;M;Illeso;0;;Non accertato;Esploso
5211503;12;25/12/2020 00:30:00;Strada Urbana;VIA CRISTOFORO COLOMBO;in prossimit�;;del civico n.;210;;Tamponamento;Rettilineo;Pi� di due carreggiate;Asciutto;Asfaltata;Verticale ed orizzontale;Nuvoloso;Scarso;Buona;;0;0;0;3;12.4965;41.8587;-1;2;Autovettura privata;In marcia / fermata / arresto;Conducente;M;Illeso;0;;Non accertato;Inesploso
5211503;12;25/12/2020 00:30:00;Strada Urbana;VIA CRISTOFORO COLOMBO;in prossimit�;;del civico n.;210;;Tamponamento;Rettilineo;Pi� di due carreggiate;Asciutto;Asfaltata;Verticale ed orizzontale;Nuvoloso;Scarso;Buona;;0;0;0;3;12.4965;41.8587;-1;2;Autovettura privata;In marcia / fermata / arresto;Passeggero;M;Illeso;0;;Non accertato;Inesploso
5211703;1;24/12/2020 16:40:00;Strada Urbana;LUNGOTEVERE DEI SANGALLO;da specificare;;;;fronte civico 3;Tamponamento;Rettilineo;Una carreggiata a senso unico di marcia;Asciutto;Asfaltata;Verticale ed orizzontale;Nuvoloso;Scarso;Buona;;1;0;1;1;12.4651;41.8982;-1;1;Autovettura privata;In marcia / fermata / arresto;Conducente;M;Rimandato;0;NON DECEDUTO;Non accertato;Esploso
5211703;1;24/12/2020 16:40:00;Strada Urbana;LUNGOTEVERE DEI SANGALLO;da specificare;;;;fronte civico 3;Tamponamento;Rettilineo;Una carreggiata a senso unico di marcia;Asciutto;Asfaltata;Verticale ed orizzontale;Nuvoloso;Scarso;Buona;;1;0;1;1;12.4651;41.8982;-1;1;Autovettura privata;In marcia / fermata / arresto;Passeggero;M;Deceduto durante prime cure;-1;;Non accertato;Inesploso
5211703;1;24/12/2020 16:40:00;Strada Urbana;LUNGOTEVERE DEI SANGALLO;da specificare;;;;fronte civico 3;Tamponamento;Rettilineo;Una carreggiata a senso unico di marcia;Asciutto;Asfaltata;Verticale ed orizzontale;Nuvoloso;Scarso;Buona;;1;0;1;1;12.4651;41.8982;-1;2;Autocarro inferiore 35 q.;In marcia / fermata / arresto;Conducente;M;Illeso;0;;Non accertato;Inesploso
5211703;1;24/12/2020 16:40:00;Strada Urbana;LUNGOTEVERE DEI SANGALLO;da specificare;;;;fronte civico 3;Tamponamento;Rettilineo;Una carreggiata a senso unico di marcia;Asciutto;Asfaltata;Verticale ed orizzontale;Nuvoloso;Scarso;Buona;;1;0;1;1;12.4651;41.8982;-1;3;Autovettura privata;Sosta;;;;;;;
5211703;1;24/12/2020 16:40:00;Strada Urbana;LUNGOTEVERE DEI SANGALLO;da specificare;;;;fronte civico 3;Tamponamento;Rettilineo;Una carreggiata a senso unico di marcia;Asciutto;Asfaltata;Verticale ed orizzontale;Nuvoloso;Scarso;Buona;;1;0;1;1;12.4651;41.8982;-1;4;Autovettura privata;Sosta;;;;;;;
5211713;20;24/12/2020 09:30:00;Provinciale;VIA BRACCIANENSE;da specificare;;;;Km. 7,00;Scontro frontale fra veicoli in marcia;Curva senza visuale libera;Una carreggiata a doppio senso;Asciutto;Asfaltata;Verticale ed orizzontale;Nuvoloso;Scarso;Buona;;2;0;0;0;12.3653;42.0132;-1;1;Autovettura privata;In marcia / fermata / arresto;Conducente;M;Rimandato;0;NON DECEDUTO;Non accertato;
5211713;20;24/12/2020 09:30:00;Provinciale;VIA BRACCIANENSE;da specificare;;;;Km. 7,00;Scontro frontale fra veicoli in marcia;Curva senza visuale libera;Una carreggiata a doppio senso;Asciutto;Asfaltata;Verticale ed orizzontale;Nuvoloso;Scarso;Buona;;2;0;0;0;12.3653;42.0132;-1;2;Autovettura privata;In marcia / fermata / arresto;Conducente;F;Rimandato;0;NON DECEDUTO;Non accertato;
5211724;20;24/12/2020 11:50:00;Strada Urbana;VIA CASSIA;in corrispondenza;;del civico n.;1686;;Scontro frontale/laterale SX fra veicoli in marcia;Rettilineo;Una carreggiata a doppio senso;Asciutto;Asfaltata;Verticale ed orizzontale;Nuvoloso;Normale;Buona;;0;0;0;5;12.3811;42.0041;-1;1;Autovettura privata;In marcia / fermata / arresto;Conducente;F;Illeso;0;;Non accertato;Inesploso
5211724;20;24/12/2020 11:50:00;Strada Urbana;VIA CASSIA;in corrispondenza;;del civico n.;1686;;Scontro frontale/laterale SX fra veicoli in marcia;Rettilineo;Una carreggiata a doppio senso;Asciutto;Asfaltata;Verticale ed orizzontale;Nuvoloso;Normale;Buona;;0;0;0;5;12.3811;42.0041;-1;1;Autovettura privata;In marcia / fermata / arresto;Passeggero;F;Illeso;0;;Non accertato;
5211724;20;24/12/2020 11:50:00;Strada Urbana;VIA CASSIA;in corrispondenza;;del civico n.;1686;;Scontro frontale/laterale SX fra veicoli in marcia;Rettilineo;Una carreggiata a doppio senso;Asciutto;Asfaltata;Verticale ed orizzontale;Nuvoloso;Normale;Buona;;0;0;0;5;12.3811;42.0041;-1;1;Autovettura privata;In marcia / fermata / arresto;Passeggero;M;Illeso;0;;Non accertato;
5211724;20;24/12/2020 11:50:00;Strada Urbana;VIA CASSIA;in corrispondenza;;del civico n.;1686;;Scontro frontale/laterale SX fra veicoli in marcia;Rettilineo;Una carreggiata a doppio senso;Asciutto;Asfaltata;Verticale ed orizzontale;Nuvoloso;Normale;Buona;;0;0;0;5;12.3811;42.0041;-1;1;Autovettura privata;In marcia / fermata / arresto;Passeggero;M;Illeso;0;;Non accertato;
5211724;20;24/12/2020 11:50:00;Strada Urbana;VIA CASSIA;in corrispondenza;;del civico n.;1686;;Scontro frontale/laterale SX fra veicoli in marcia;Rettilineo;Una carreggiata a doppio senso;Asciutto;Asfaltata;Verticale ed orizzontale;Nuvoloso;Normale;Buona;;0;0;0;5;12.3811;42.0041;-1;2;Motociclo a solo;In marcia / fermata / arresto;Conducente;M;Illeso;0;;Non accertato;
5211725;1;24/12/2020 21:00:00;Strada Urbana;PIAZZA SIDNEY SONNINO;in corrispondenza;;del civico n.;5;;Veicolo in marcia contro ostacolo accidentale;;Pi� di due carreggiate;Asciutto;Asfaltata;Verticale ed orizzontale;Sereno;Scarso;Insufficiente;;0;0;0;1;;;0;1;Motociclo a solo;In marcia / fermata / arresto;Conducente;M;Illeso;0;;;
5211730;9;24/12/2020 13:45:00;Strada Urbana;VIA DELLE CAVE;all'intersezione semaforizzata con;PIAZZA CESARE CANTU';PIAZZA CESARE CANTU';;;Scontro laterale fra veicoli in marcia;Incrocio;Due carreggiate;Asciutto;Asfaltata;Verticale ed orizzontale;Nuvoloso;Scarso;Buona;;0;0;0;2;12.5272;41.8715;-1;1;Autovettura privata;In marcia / fermata / arresto;Conducente;F;Illeso;0;;Non accertato;Inesploso
5211730;9;24/12/2020 13:45:00;Strada Urbana;VIA DELLE CAVE;all'intersezione semaforizzata con;PIAZZA CESARE CANTU';PIAZZA CESARE CANTU';;;Scontro laterale fra veicoli in marcia;Incrocio;Due carreggiate;Asciutto;Asfaltata;Verticale ed orizzontale;Nuvoloso;Scarso;Buona;;0;0;0;2;12.5272;41.8715;-1;2;Autovettura privata;In marcia / fermata / arresto;Conducente;M;Illeso;0;;Non accertato;Inesploso
5211735;1;24/12/2020 16:30:00;Strada Urbana;VIA VICENZA;all'intersezione con;VIA VARESE;VIA VARESE;;;Scontro frontale/laterale SX fra veicoli in marcia;Intersezione stradale segnalata;Una carreggiata a senso unico di marcia;Asciutto;Asfaltata;Verticale ed orizzontale;Sereno;Scarso;Buona;;0;0;0;2;12.5041;41.9039;-1;1;Autovettura privata;In marcia / fermata / arresto;Conducente;M;Illeso;0;;;