Protocollo;Gruppo;DataOraIncidente;Localizzazione1;STRADA1;Localizzazione2;STRADA2;Strada02;Chilometrica;DaSpecificare;NaturaIncidente;particolaritastrade;TipoStrada;FondoStradale;Pavimentazione;Segnaletica;CondizioneAtmosferica;Traffico;Visibilita;Illuminazione;NUM_FERITI;NUM_RISERVATA;NUM_MORTI;NUM_ILLESI;Longitudine;Latitudine;Confermato;Progressivo;TipoVeicolo;StatoVeicolo;TipoPersona;Sesso;Tipolesione;Deceduto;DecedutoDopo;CinturaCascoUtilizzato;Airbag;
5217869;12;30/12/2020 10:30:00;Strada Urbana;VIA SEVERINO DELOGU;da specificare;;;;parcheggio interno circolo sportivo YMCA;Veicolo in marcia contro veicoli in sosta;Pianeggiante;Una carreggiata a doppio senso;Bagnato (umidit� in atto);Asfaltata;Verticale ed orizzontale;Nuvoloso;Scarso;Buona;;0;0;0;1;12.453;41.8155;-1;2;Autovettura privata;Sosta;;;;;;;
5217871;13;30/12/2020 13:50:00;Provinciale;VIA LITORANEA;in prossimit�;;della chilometrica;3;;Fuoriuscita dalla sede stradale;Rettilineo;Una carreggiata a doppio senso;Bagnato (pioggia);Asfaltata;Orizzontale;Sereno;Normale;Buona;;1;0;0;0;12.3735;41.6876;-1;1;Autovettura privata;In marcia / fermata / arresto;Conducente;M;Ricoverato;0;NON DECEDUTO;Non accertato;Inesploso
5217877;18;28/12/2020 20:40:00;Strada Urbana;PIAZZA DEI GIURECONSULTI;all'intersezione con;CIRCONVALLAZIONE CORNELIA;CIRCONVALLAZIONE CORNELIA;;;Investimento di pedone;Intersezione semaforizzata;Una carreggiata a doppio senso;Bagnato (pioggia);Asfaltata;Verticale ed orizzontale;Pioggia in atto;Normale;Sufficiente;;0;0;0;2;12.4257;41.9019;-1;;;;Pedone;M;Illeso;0;;;
5217877;18;28/12/2020 20:40:00;Strada Urbana;PIAZZA DEI GIURECONSULTI;all'intersezione con;CIRCONVALLAZIONE CORNELIA;CIRCONVALLAZIONE CORNELIA;;;Investimento di pedone;Intersezione semaforizzata;Una carreggiata a doppio senso;Bagnato (pioggia);Asfaltata;Verticale ed orizzontale;Pioggia in atto;Normale;Sufficiente;;0;0;0;2;12.4257;41.9019;-1;1;Autovettura privata;In marcia / fermata / arresto;Conducente;M;Illeso;0;;;
5217898;10;30/12/2020 18:15:00;Strada Urbana;VIA DEL FOSSO DELL'ACQUA MARIANA;in prossimit�;;del civico n.;25;;Scontro frontale/laterale DX fra veicoli in marcia;Rettilineo;Una carreggiata a senso unico di marcia;Bagnato (umidit� in atto);Asfaltata;Assente;Nuvoloso;Scarso;Buona;;0;0;0;2;12.6141;41.8131;-1;1;Autovettura privata;In marcia / fermata / arresto;Conducente;M;Illeso;0;;Non accertato;Inesploso
5217898;10;30/12/2020 18:15:00;Strada Urbana;VIA DEL FOSSO DELL'ACQUA MARIANA;in prossimit�;;del civico n.;25;;Scontro frontale/laterale DX fra veicoli in marcia;Rettilineo;Una carreggiata a senso unico di marcia;Bagnato (umidit� in atto);Asfaltata;Assente;Nuvoloso;Scarso;Buona;;0;0;0;2;12.6141;41.8131;-1;2;Autocarro inferiore 35 q.;In marcia / fermata / arresto;Conducente;M;Illeso;0;;Non accertato;Inesploso
5217904;15;30/12/2020 12:10:00;Strada Urbana;VIA LARI;in corrispondenza;;del civico n.;15;;Veicolo in marcia contro veicolo in sosta;Rettilineo;Due carreggiate;Bagnato (pioggia);Asfaltata;Verticale ed orizzontale;Pioggia in atto;Normale;Sufficiente;;0;0;0;2;12.4613;41.8493;-1;1;Autovettura privata;Sosta;;;;;;;
5217904;15;30/12/2020 12:10:00;Strada Urbana;VIA LARI;in corrispondenza;;del civico n.;15;;Veicolo in marcia contro veicolo in sosta;Rettilineo;Due carreggiate;Bagnato (pioggia);Asfaltata;Verticale ed orizzontale;Pioggia in atto;Normale;Sufficiente;;0;0;0;2;12.4613;41.8493;-1;2;Autovettura privata;In marcia / fermata / arresto;Conducente;M;Illeso;0;;Non accertato;Inesploso
5217904;15;30/12/2020 12:10:00;Strada Urbana;VIA LARI;in corrispondenza;;del civico n.;15;;Veicolo in marcia contro veicolo in sosta;Rettilineo;Due carreggiate;Bagnato (pioggia);Asfaltata;Verticale ed orizzontale;Pioggia in atto;Normale;Sufficiente;;0;0;0;2;12.4613;41.8493;-1;2;Autovettura privata;In marcia / fermata / arresto;Passeggero;F;Illeso;0;;Non accertato;Inesploso
5217906;13;30/12/2020 10:15:00;Strada Urbana;VIA DIEGO SIMONETTI;in corrispondenza;;del civico n.;44;;Scontro frontale/laterale SX fra veicoli in marcia;Rettilineo;Due carreggiate;Asciutto;Asfaltata;Assente;Sereno;Normale;Buona;;0;0;0;2;12.2886;41.7364;-1;1;Autovettura privata;In marcia / fermata / arresto;Conducente;F;Illeso;0;;Non accertato;Inesploso
5217906;13;30/12/2020 10:15:00;Strada Urbana;VIA DIEGO SIMONETTI;in corrispondenza;;del civico n.;44;;Scontro frontale/laterale SX fra veicoli in marcia;Rettilineo;Due carreggiate;Asciutto;Asfaltata;Assente;Sereno;Normale;Buona;;0;0;0;2;12.2886;41.7364;-1;2;Autovettura privata;In marcia / fermata / arresto;Conducente;M;Illeso;0;;Non accertato;Inesploso
5217908;1;30/12/2020 23:00:00;Strada Urbana;VIA DEI SERPENTI;in prossimit�;;del civico n.;134;;Veicolo in marcia contro veicolo in sosta;Rettilineo;Una carreggiata a senso unico di marcia;Bagnato (pioggia);Asfaltata;Verticale ed orizzontale;Nuvoloso;Intenso;Sufficiente;;0;0;0;1;12.4906;41.8958;-1;1;Autovettura privata;Sosta;;;;;;;
5217908;1;30/12/2020 23:00:00;Strada Urbana;VIA DEI SERPENTI;in prossimit�;;del civico n.;134;;Veicolo in marcia contro veicolo in sosta;Rettilineo;Una carreggiata a senso unico di marcia;Bagnato (pioggia);Asfaltata;Verticale ed orizzontale;Nuvoloso;Intenso;Sufficiente;;0;0;0;1;12.4906;41.8958;-1;2;Autocarro inferiore 35 q.;In marcia / fermata / arresto;Conducente;M;Illeso;0;;;
5217912;9;30/12/2020 18:40:00;Strada Urbana;VIA APPIA NUOVA;da specificare;;;;fronte VIA MONDRAGONE;Veicolo in marcia contro ostacolo fisso;Rettilineo;Una carreggiata a doppio senso;Asciutto;Asfaltata;Verticale ed orizzontale;Nuvoloso;Normale;Buona;;0;0;0;4;12.531;41.8665;-1;1;Autovettura privata;In marcia / fermata / arresto;Conducente;M;Illeso;0;;Non accertato;Inesploso
5217912;9;30/12/2020 18:40:00;Strada Urbana;VIA APPIA NUOVA;da specificare;;;;fronte VIA MONDRAGONE;Veicolo in marcia contro ostacolo fisso;Rettilineo;Una carreggiata a doppio senso;Asciutto;Asfaltata;Verticale ed orizzontale;Nuvoloso;Normale;Buona;;0;0;0;4;12.531;41.8665;-1;1;Autovettura privata;In marcia / fermata / arresto;Passeggero;F;Illeso;0;;Non accertato;Inesploso
5217912;9;30/12/2020 18:40:00;Strada Urbana;VIA APPIA NUOVA;da specificare;;;;fronte VIA MONDRAGONE;Veicolo in marcia contro ostacolo fisso;Rettilineo;Una carreggiata a doppio senso;Asciutto;Asfaltata;Verticale ed orizzontale;Nuvoloso;Normale;Buona;;0;0;0;4;12.531;41.8665;-1;2;Autovettura privata;In marcia / fermata / arresto;Conducente;M;Illeso;0;;Non accertato;Inesploso
5217912;9;30/12/2020 18:40:00;Strada Urbana;VIA APPIA NUOVA;da specificare;;;;fronte VIA MONDRAGONE;Veicolo in marcia contro ostacolo fisso;Rettilineo;Una carreggiata a doppio senso;Asciutto;Asfaltata;Verticale ed orizzontale;Nuvoloso;Normale;Buona;;0;0;0;4;12.531;41.8665;-1;2;Autovettura privata;In marcia / fermata / arresto;Passeggero;F;Illeso;0;;Non accertato;Inesploso
5217913;10;30/12/2020 19:00:00;Strada Urbana;VIA DI ACQUA ACETOSA ANAGNINA;all'intersezione con;VIA DI QUARTO RUBBIE;VIA DI QUARTO RUBBIE;;;Scontro frontale/laterale SX fra veicoli in marcia;Incrocio;Una carreggiata a doppio senso;Asciutto;Asfaltata;Verticale ed orizzontale;Nuvoloso;Normale;Buona;;0;0;0;2;12.6266;41.8184;-1;1;Autovettura privata;In marcia / fermata / arresto;Conducente;M;Illeso;0;;Non accertato;Inesploso
5217913;10;30/12/2020 19:00:00;Strada Urbana;VIA DI ACQUA ACETOSA ANAGNINA;all'intersezione con;VIA DI QUARTO RUBBIE;VIA DI QUARTO RUBBIE;;;Scontro frontale/laterale SX fra veicoli in marcia;Incrocio;Una carreggiata a doppio senso;Asciutto;Asfaltata;Verticale ed orizzontale;Nuvoloso;Normale;Buona;;0;0;0;2;12.6266;41.8184;-1;2;Autovettura privata;In marcia / fermata / arresto;Conducente;M;Illeso;0;;Non accertato;Inesploso
5217919;20;30/12/2020 19:35:00;Strada Urbana;VIALE SILVIO GIGLI;in prossimit�;;del palo luce n.;89;;Veicolo in marcia contro ostacolo accidentale;Rettilineo;Due carreggiate;Bagnato (pioggia);Asfaltata;Verticale ed orizzontale;Nuvoloso;Scarso;Sufficiente;;0;0;0;1;12.4974;41.9777;-1;1;Autovettura privata;In marcia / fermata / arresto;Conducente;M;Illeso;0;;Non accertato;
5217922;5;30/12/2020 14:30:00;Strada Urbana;VIA DI CASAL BRUCIATO;in prossimit�;;del civico n.;15;;Investimento di pedone;Rettilineo;Una carreggiata a senso unico di marcia;Bagnato (pioggia);Asfaltata;Orizzontale;Nuvoloso;Normale;Buona;;2;0;0;0;12.5464;41.9073;0;;;;Pedone;F;Rimandato;0;NON DECEDUTO;;
5217922;5;30/12/2020 14:30:00;Strada Urbana;VIA DI CASAL BRUCIATO;in prossimit�;;del civico n.;15;;Investimento di pedone;Rettilineo;Una carreggiata a senso unico di marcia;Bagnato (pioggia);Asfaltata;Orizzontale;Nuvoloso;Normale;Buona;;2;0;0;0;12.5464;41.9073;0;;;;Pedone;M;Rimandato;0;NON DECEDUTO;;
5217922;5;30/12/2020 14:30:00;Strada Urbana;VIA DI CASAL BRUCIATO;in prossimit�;;del civico n.;15;;Investimento di pedone;Rettilineo;Una carreggiata a senso unico di marcia;Bagnato (pioggia);Asfaltata;Orizzontale;Nuvoloso;Normale;Buona;;2;0;0;0;12.5464;41.9073;0;1;Motociclo a solo;In marcia / fermata / arresto;;;;;;;
5217923;15;30/12/2020 19:00:00;Strada Urbana;VIA DELL'IMBRECCIATO;all'intersezione con;VIA ERRICO MALATESTA;VIA ERRICO MALATESTA;;;Scontro laterale fra veicoli in marcia;Intersezione stradale segnalata;Una carreggiata a doppio senso;Asciutto;Asfaltata;Verticale ed orizzontale;Nuvoloso;Normale;Buona;;1;0;0;1;12.4467;41.854;-1;1;Autovettura privata;In marcia / fermata / arresto;Conducente;F;Illeso;0;;Non accertato;Inesploso
5217923;15;30/12/2020 19:00:00;Strada Urbana;VIA DELL'IMBRECCIATO;all'intersezione con;VIA ERRICO MALATESTA;VIA ERRICO MALATESTA;;;Scontro laterale fra veicoli in marcia;Intersezione stradale segnalata;Una carreggiata a doppio senso;Asciutto;Asfaltata;Verticale ed orizzontale;Nuvoloso;Normale;Buona;;1;0;0;1;12.4467;41.854;-1;2;Velocipede;In marcia / fermata / arresto;Conducente;F;Rimandato;0;NON DECEDUTO;Esente;
5217925;20;30/12/2020 07:10:00;Strada Urbana;VIA DEL FORO ITALICO;da specificare;;;;prossimit� largo Ferraris IV;Tamponamento;Curva a visuale libera;Una carreggiata a senso unico di marcia;Bagnato (pioggia);Asfaltata;Verticale ed orizzontale;Nuvoloso;Normale;Buona;;0;0;0;3;12.4549;41.9361;-1;1;Autoveicolo trasp.promisc.;In marcia / fermata / arresto;Conducente;M;Illeso;0;;;
5217925;20;30/12/2020 07:10:00;Strada Urbana;VIA DEL FORO ITALICO;da specificare;;;;prossimit� largo Ferraris IV;Tamponamento;Curva a visuale libera;Una carreggiata a senso unico di marcia;Bagnato (pioggia);Asfaltata;Verticale ed orizzontale;Nuvoloso;Normale;Buona;;0;0;0;3;12.4549;41.9361;-1;2;Autocarro inferiore 35 q.;In marcia / fermata / arresto;Conducente;M;Illeso;0;;;
5217925;20;30/12/2020 07:10:00;Strada Urbana;VIA DEL FORO ITALICO;da specificare;;;;prossimit� largo Ferraris IV;Tamponamento;Curva a visuale libera;Una carreggiata a senso unico di marcia;Bagnato (pioggia);Asfaltata;Verticale ed orizzontale;Nuvoloso;Normale;Buona;;0;0;0;3;12.4549;41.9361;-1;2;Autocarro inferiore 35 q.;In marcia / fermata / arresto;Passeggero;M;Illeso;0;;;
5217926;13;30/12/2020 08:50:00;Strada Urbana;VIALE DELLA VILLA DI PLINIO;da specificare;;;;IN PROSSIMITA' VIA CRISTOFORO COLOMBO;Veicolo in marcia contro ostacolo accidentale;Rettilineo;Una carreggiata a senso unico di marcia;Asciutto;Asfaltata;Assente;Sereno;Scarso;Buona;;0;0;0;1;12.3285;41.7225;-1;1;Autovettura privata;In marcia / fermata / arresto;Conducente;M;Illeso;0;;Non accertato;Inesploso
5217927;15;30/12/2020 12:40:00;Comunale extraurbana;VIALE RUDOLF DIESEL;all'intersezione con;VIALE FRANCO D'AMICO;VIALE FRANCO D'AMICO;;;Scontro laterale fra veicoli in marcia;Rotatoria;Una carreggiata a senso unico di marcia;Bagnato (umidit� in atto);Asfaltata;Verticale ed orizzontale;Nuvoloso;Scarso;Buona;;0;0;0;2;12.3177;41.8019;-1;1;Autocarro inferiore 35 q.;In marcia / fermata / arresto;Conducente;M;Illeso;0;;Non accertato;Inesploso
5217927;15;30/12/2020 12:40:00;Comunale extraurbana;VIALE RUDOLF DIESEL;all'intersezione con;VIALE FRANCO D'AMICO;VIALE FRANCO D'AMICO;;;Scontro laterale fra veicoli in marcia;Rotatoria;Una carreggiata a senso unico di marcia;Bagnato (umidit� in atto);Asfaltata;Verticale ed orizzontale;Nuvoloso;Scarso;Buona;;0;0;0;2;12.3177;41.8019;-1;2;Autocarro inferiore 35 q.;In marcia / fermata / arresto;Conducente;M;Illeso;0;;Non accertato;Inesploso
5217935;9;30/12/2020 20:40:00;Strada Urbana;VIALE CASTRENSE;da specificare;;;;fronte civico 8;Veicolo in marcia contro ostacolo fisso;Curva a visuale libera;Due carreggiate;Asciutto;Asfaltata;Orizzontale;Nuvoloso;Normale;Buona;;0;0;0;1;12.5151;41.8872;-1;1;Motociclo a solo;In marcia / fermata / arresto;Conducente;M;Illeso;0;;Non accertato;
5217936;1;30/12/2020 13:50:00;Strada Urbana;VIA DI PORTA MAGGIORE;all'intersezione con;VIA GIOVANNI GIOLITTI;VIA GIOVANNI GIOLITTI;;;Scontro laterale fra veicoli in marcia;Incrocio;Una carreggiata a senso unico di marcia;Asciutto;Asfaltata;Verticale ed orizzontale;Nuvoloso;Normale;Buona;;0;0;0;2;12.512;41.8926;-1;1;Autovettura privata;In marcia / fermata / arresto;Conducente;M;Illeso;0;;;
5217936;1;30/12/2020 13:50:00;Strada Urbana;VIA DI PORTA MAGGIORE;all'intersezione con;VIA GIOVANNI GIOLITTI;VIA GIOVANNI GIOLITTI;;;Scontro laterale fra veicoli in marcia;Incrocio;Una carreggiata a senso unico di marcia;Asciutto;Asfaltata;Verticale ed orizzontale;Nuvoloso;Normale;Buona;;0;0;0;2;12.512;41.8926;-1;2;Autovettura privata;In marcia / fermata / arresto;Conducente;M;Illeso;0;;;
5217937;10;30/12/2020 23:55:00;Strada Urbana;VIA CALPURNIO FIAMMA;all'intersezione semaforizzata con;VIA TARQUINIO COLLATINO;VIA TARQUINIO COLLATINO;;;Scontro frontale/laterale SX fra veicoli in marcia;Intersezione semaforizzata;Una carreggiata a senso unico di marcia;Bagnato (pioggia);Asfaltata;Verticale ed orizzontale;Nuvoloso;Scarso;Buona;;1;0;0;1;12.5617;41.862;-1;1;Autovettura privata;In marcia / fermata / arresto;Conducente;M;Rimandato;0;NON DECEDUTO;Non accertato;Inesploso
5217937;10;30/12/2020 23:55:00;Strada Urbana;VIA CALPURNIO FIAMMA;all'intersezione semaforizzata con;VIA TARQUINIO COLLATINO;VIA TARQUINIO COLLATINO;;;Scontro frontale/laterale SX fra veicoli in marcia;Intersezione semaforizzata;Una carreggiata a senso unico di marcia;Bagnato (pioggia);Asfaltata;Verticale ed orizzontale;Nuvoloso;Scarso;Buona;;1;0;0;1;12.5617;41.862;-1;2;Autobus di linea;In marcia / fermata / arresto;Conducente;M;Illeso;0;;Non accertato;Inesploso
5217941;4;30/12/2020 10:45:00;Strada Urbana;VIALE LINA CAVALIERI;in corrispondenza;;del civico n.;85;;Veicolo in marcia contro veicolo fermo;Rettilineo;Due carreggiate;Bagnato (umidit� in atto);Asfaltata;Orizzontale;Nuvoloso;Normale;Buona;;0;0;0;3;12.5142;41.9638;-1;1;Autovettura privata;In marcia / fermata / arresto;Conducente;M;Illeso;0;;Non accertato;Inesploso
5217941;4;30/12/2020 10:45:00;Strada Urbana;VIALE LINA CAVALIERI;in corrispondenza;;del civico n.;85;;Veicolo in marcia contro veicolo fermo;Rettilineo;Due carreggiate;Bagnato (umidit� in atto);Asfaltata;Orizzontale;Nuvoloso;Normale;Buona;;0;0;0;3;12.5142;41.9638;-1;1;Autovettura privata;In marcia / fermata / arresto;Passeggero;F;Illeso;0;;;
5217941;4;30/12/2020 10:45:00;Strada Urbana;VIALE LINA CAVALIERI;in corrispondenza;;del civico n.;85;;Veicolo in marcia contro veicolo fermo;Rettilineo;Due carreggiate;Bagnato (umidit� in atto);Asfaltata;Orizzontale;Nuvoloso;Normale;Buona;;0;0;0;3;12.5142;41.9638;-1;2;Autovettura privata;In marcia / fermata / arresto;Conducente;M;Illeso;0;;Non accertato;Inesploso
5217944;20;30/12/2020 18:15:00;Strada Urbana;VIA DI GROTTAROSSA;da specificare;;;;fronte civ. 120;Scontro frontale/laterale SX fra veicoli in marcia;Rettilineo;Una carreggiata a doppio senso;Bagnato (pioggia);Asfaltata;Orizzontale;Nuvoloso;Normale;Sufficiente;;0;0;0;3;12.4629;41.9744;-1;1;Autovettura privata;In marcia / fermata / arresto;Conducente;M;Illeso;0;;Non accertato;Inesploso
5217944;20;30/12/2020 18:15:00;Strada Urbana;VIA DI GROTTAROSSA;da specificare;;;;fronte civ. 120;Scontro frontale/laterale SX fra veicoli in marcia;Rettilineo;Una carreggiata a doppio senso;Bagnato (pioggia);Asfaltata;Orizzontale;Nuvoloso;Normale;Sufficiente;;0;0;0;3;12.4629;41.9744;-1;1;Autovettura privata;In marcia / fermata / arresto;Passeggero;F;Illeso;0;;Non accertato;Inesploso
5217944;20;30/12/2020 18:15:00;Strada Urbana;VIA DI GROTTAROSSA;da specificare;;;;fronte civ. 120;Scontro frontale/laterale SX fra veicoli in marcia;Rettilineo;Una carreggiata a doppio senso;Bagnato (pioggia);Asfaltata;Orizzontale;Nuvoloso;Normale;Sufficiente;;0;0;0;3;12.4629;41.9744;-1;2;Autovettura privata;In marcia / fermata / arresto;Conducente;M;Illeso;0;;Non accertato;Inesploso
5217945;4;30/12/2020 14:05:00;Strada Urbana;VIA UMBERTO FRACCHIA;in prossimit�;;del civico n.;7;;Scontro frontale/laterale DX fra veicoli in marcia;Rettilineo;Due carreggiate;Bagnato (pioggia);Asfaltata;Verticale ed orizzontale;Nuvoloso;Intenso;Buona;;0;0;0;2;12.549;41.9509;-1;1;Autovettura privata;In marcia / fermata / arresto;Conducente;M;Illeso;0;;Non accertato;Inesploso
5217945;4;30/12/2020 14:05:00;Strada Urbana;VIA UMBERTO FRACCHIA;in prossimit�;;del civico n.;7;;Scontro frontale/laterale DX fra veicoli in marcia;Rettilineo;Due carreggiate;Bagnato (pioggia);Asfaltata;Verticale ed orizzontale;Nuvoloso;Intenso;Buona;;0;0;0;2;12.549;41.9509;-1;2;Autovettura privata;In marcia / fermata / arresto;Conducente;M;Illeso;0;;Non accertato;Inesistente
5217951;20;30/12/2020 14:10:00;Strada Urbana;VIALE DI TOR DI QUINTO;da specificare;;;;civ.153 (centrale) alt. fr. via Caprilli dir. Roma;Scontro laterale fra veicoli in marcia;Curva senza visuale libera;Due carreggiate;Bagnato (pioggia);Asfaltata;Verticale ed orizzontale;Nebbia;Normale;Sufficiente;;0;0;0;3;12.4785;41.9447;-1;1;Autovettura privata;In marcia / fermata / arresto;Conducente;M;Illeso;0;;;
5217951;20;30/12/2020 14:10:00;Strada Urbana;VIALE DI TOR DI QUINTO;da specificare;;;;civ.153 (centrale) alt. fr. via Caprilli dir. Roma;Scontro laterale fra veicoli in marcia;Curva senza visuale libera;Due carreggiate;Bagnato (pioggia);Asfaltata;Verticale ed orizzontale;Nebbia;Normale;Sufficiente;;0;0;0;3;12.4785;41.9447;-1;1;Autovettura privata;In marcia / fermata / arresto;Passeggero;M;Illeso;0;;Non accertato;
5217951;20;30/12/2020 14:10:00;Strada Urbana;VIALE DI TOR DI QUINTO;da specificare;;;;civ.153 (centrale) alt. fr. via Caprilli dir. Roma;Scontro laterale fra veicoli in marcia;Curva senza visuale libera;Due carreggiate;Bagnato (pioggia);Asfaltata;Verticale ed orizzontale;Nebbia;Normale;Sufficiente;;0;0;0;3;12.4785;41.9447;-1;2;Autovettura privata;In marcia / fermata / arresto;Conducente;M;Illeso;0;;;
5217952;1;30/12/2020 18:25:00;Strada Urbana;VIA ALDO MANUZIO;all'intersezione con;PIAZZA TESTACCIO;PIAZZA TESTACCIO;;;Scontro laterale fra veicoli in marcia;Intersezione stradale segnalata;Una carreggiata a senso unico di marcia;Asciutto;Asfaltata;Verticale ed orizzontale;Nuvoloso;Normale;Sufficiente;;0;0;0;1;12.4746;41.8783;-1;1;Autovettura privata;In marcia / fermata / arresto;Conducente;M;Illeso;0;;;
5217952;1;30/12/2020 18:25:00;Strada Urbana;VIA ALDO MANUZIO;all'intersezione con;PIAZZA TESTACCIO;PIAZZA TESTACCIO;;;Scontro laterale fra veicoli in marcia;Intersezione stradale segnalata;Una carreggiata a senso unico di marcia;Asciutto;Asfaltata;Verticale ed orizzontale;Nuvoloso;Normale;Sufficiente;;0;0;0;1;12.4746;41.8783;-1;2;Autovettura privata;Allontanatosi;;;;;;;
5217954;4;30/12/2020 16:00:00;Strada Urbana;VIALE TIRRENO;in prossimit�;;del civico n.;217;;Scontro laterale fra veicoli in marcia;Rettilineo;Due carreggiate;Bagnato (pioggia);Asfaltata;Verticale ed orizzontale;Nuvoloso;Normale;Buona;;0;0;0;3;12.5291;41.9431;-1;1;Autovettura privata;In marcia / fermata / arresto;Conducente;F;Illeso;0;;Non accertato;Inesploso
5217954;4;30/12/2020 16:00:00;Strada Urbana;VIALE TIRRENO;in prossimit�;;del civico n.;217;;Scontro laterale fra veicoli in marcia;Rettilineo;Due carreggiate;Bagnato (pioggia);Asfaltata;Verticale ed orizzontale;Nuvoloso;Normale;Buona;;0;0;0;3;12.5291;41.9431;-1;2;Autovettura privata;In marcia / fermata / arresto;Conducente;M;Illeso;0;;Non accertato;Inesploso
5217954;4;30/12/2020 16:00:00;Strada Urbana;VIALE TIRRENO;in prossimit�;;del civico n.;217;;Scontro laterale fra veicoli in marcia;Rettilineo;Due carreggiate;Bagnato (pioggia);Asfaltata;Verticale ed orizzontale;Nuvoloso;Normale;Buona;;0;0;0;3;12.5291;41.9431;-1;2;Autovettura privata;In marcia / fermata / arresto;Passeggero;M;Illeso;0;;Non accertato;Inesploso
5217964;20;30/12/2020 10:50:00;Strada Urbana;VIA ANTONIO SERRA;in corrispondenza;;del civico n.;49;;Investimento di pedone;Rettilineo;Una carreggiata a senso unico di marcia;Bagnato (pioggia);Asfaltata;Verticale;Nuvoloso;Normale;Buona;;1;0;0;1;;;0;;;;Pedone;M;Rimandato;0;NON DECEDUTO;;
5217964;20;30/12/2020 10:50:00;Strada Urbana;VIA ANTONIO SERRA;in corrispondenza;;del civico n.;49;;Investimento di pedone;Rettilineo;Una carreggiata a senso unico di marcia;Bagnato (pioggia);Asfaltata;Verticale;Nuvoloso;Normale;Buona;;1;0;0;1;;;0;1;Autovettura privata;In marcia / fermata / arresto;Conducente;M;Illeso;0;;Non accertato;Inesploso
5217970;1;30/12/2020 16:30:00;Strada Urbana;VIA GIOVANNI GIOLITTI;all'intersezione con;VIA ALFREDO CAPPELLINI;VIA ALFREDO CAPPELLINI;;;Scontro frontale/laterale SX fra veicoli in marcia;Incrocio;Una carreggiata a senso unico di marcia;Asciutto;Asfaltata;Verticale ed orizzontale;Nuvoloso;Normale;Sufficiente;;0;0;0;3;12.507;41.8965;-1;1;Autovettura privata;In marcia / fermata / arresto;Conducente;M;Illeso;0;;;
5217970;1;30/12/2020 16:30:00;Strada Urbana;VIA GIOVANNI GIOLITTI;all'intersezione con;VIA ALFREDO CAPPELLINI;VIA ALFREDO CAPPELLINI;;;Scontro frontale/laterale SX fra veicoli in marcia;Incrocio;Una carreggiata a senso unico di marcia;Asciutto;Asfaltata;Verticale ed orizzontale;Nuvoloso;Normale;Sufficiente;;0;0;0;3;12.507;41.8965;-1;2;Autovettura privata;In marcia / fermata / arresto;Conducente;M;Illeso;0;;;
5217970;1;30/12/2020 16:30:00;Strada Urbana;VIA GIOVANNI GIOLITTI;all'intersezione con;VIA ALFREDO CAPPELLINI;VIA ALFREDO CAPPELLINI;;;Scontro frontale/laterale SX fra veicoli in marcia;Incrocio;Una carreggiata a senso unico di marcia;Asciutto;Asfaltata;Verticale ed orizzontale;Nuvoloso;Normale;Sufficiente;;0;0;0;3;12.507;41.8965;-1;2;Autovettura privata;In marcia / fermata / arresto;Passeggero;F;Illeso;0;;;
5217980;5;30/12/2020 15:50:00;Strada Urbana;VIALE EGIDIO GALBANI;all'intersezione semaforizzata con;VIA ATTILIO BENIGNI;VIA ATTILIO BENIGNI;;;Scontro frontale/laterale SX fra veicoli in marcia;Incrocio;Una carreggiata a doppio senso;Asciutto;Asfaltata;Verticale ed orizzontale;Nuvoloso;Normale;Sufficiente;;0;0;0;2;12.5613;41.9311;-1;1;Autovettura privata;In marcia / fermata / arresto;Conducente;F;Illeso;0;;Non accertato;Inesploso
5217980;5;30/12/2020 15:50:00;Strada Urbana;VIALE EGIDIO GALBANI;all'intersezione semaforizzata con;VIA ATTILIO BENIGNI;VIA ATTILIO BENIGNI;;;Scontro frontale/laterale SX fra veicoli in marcia;Incrocio;Una carreggiata a doppio senso;Asciutto;Asfaltata;Verticale ed orizzontale;Nuvoloso;Normale;Sufficiente;;0;0;0;2;12.5613;41.9311;-1;2;Autovettura privata;In marcia / fermata / arresto;Conducente;M;Illeso;0;;Non accertato;Inesploso
5217985;4;30/12/2020 17:10:00;Strada Urbana;VIA VIRGILIO TALLI;all'intersezione semaforizzata con;VIALE TITINA DE FILIPPO;VIALE TITINA DE FILIPPO;;;Investimento di pedone;Incrocio;Una carreggiata a senso unico di marcia;Bagnato (pioggia);Asfaltata;Verticale ed orizzontale;Pioggia in atto;Normale;Buona;;1;0;0;1;12.5231;41.9646;-1;;;;Pedone;F;Rimandato;0;NON DECEDUTO;;
5217985;4;30/12/2020 17:10:00;Strada Urbana;VIA VIRGILIO TALLI;all'intersezione semaforizzata con;VIALE TITINA DE FILIPPO;VIALE TITINA DE FILIPPO;;;Investimento di pedone;Incrocio;Una carreggiata a senso unico di marcia;Bagnato (pioggia);Asfaltata;Verticale ed orizzontale;Pioggia in atto;Normale;Buona;;1;0;0;1;12.5231;41.9646;-1;1;Autovettura privata;In marcia / fermata / arresto;Conducente;M;Illeso;0;;Non accertato;Inesploso
5217990;20;30/12/2020 20:00:00;Strada Urbana;VIA NEMEA;da specificare;;;;da via della Farnesina- via orti della Farnesina;Veicolo in marcia contro veicoli in sosta;Rettilineo;Una carreggiata a doppio senso;Bagnato (pioggia);Asfaltata;Verticale ed orizzontale;Pioggia in atto;Scarso;Sufficiente;;0;0;0;1;12.4585;41.9468;-1;1;Autovettura privata;In marcia / fermata / arresto;Conducente;M;Illeso;0;;Non accertato;Inesploso